episode,reward,steps,success,epsilon
1,-145.19999999999936,500,0,0.995
2,-133.9999999999994,500,0,0.990025
3,-126.79999999999919,500,0,0.985074875
4,-120.79999999999926,500,0,0.9801495006250001
5,-127.99999999999949,500,0,0.9752487531218751
6,-154.79999999999956,500,0,0.9703725093562657
7,-119.99999999999946,500,0,0.9655206468094844
8,-114.39999999999912,500,0,0.960693043575437
9,-127.99999999999939,500,0,0.9558895783575597
10,-105.79999999999953,407,1,0.9511101304657719
11,-145.19999999999928,500,0,0.946354579813443
12,-117.99999999999932,500,0,0.9416228069143757
13,-113.99999999999932,500,0,0.9369146928798039
14,-117.99999999999949,500,0,0.9322301194154049
15,-138.3999999999996,500,0,0.9275689688183278
16,-120.39999999999934,500,0,0.9229311239742362
17,-119.19999999999911,500,0,0.918316468354365
18,-126.39999999999925,500,0,0.9137248860125932
19,-131.99999999999937,500,0,0.9091562615825302
20,-112.79999999999927,500,0,0.9046104802746175
21,-135.1999999999994,500,0,0.9000874278732445
22,-111.19999999999928,500,0,0.8955869907338783
23,-106.39999999999944,500,0,0.8911090557802088
24,-107.19999999999965,500,0,0.8866535105013078
25,-109.59999999999926,500,0,0.8822202429488013
26,-123.59999999999894,500,0,0.8778091417340573
27,-98.79999999999951,500,0,0.8734200960253871
28,-105.59999999999954,500,0,0.8690529955452602
29,-111.19999999999925,500,0,0.8647077305675338
30,-129.99999999999872,500,0,0.8603841919146962
31,-116.79999999999939,500,0,0.8560822709551227
32,-106.39999999999932,500,0,0.851801859600347
33,-104.39999999999945,500,0,0.8475428503023453
34,-113.99999999999916,500,0,0.8433051360508336
35,-113.99999999999926,500,0,0.8390886103705794
36,-111.19999999999932,500,0,0.8348931673187264
37,-110.39999999999914,500,0,0.8307187014821328
38,-98.79999999999947,500,0,0.8265651079747222
39,-106.39999999999955,500,0,0.8224322824348486
40,-99.5999999999994,500,0,0.8183201210226743
41,-114.39999999999944,500,0,0.8142285204175609
42,-103.59999999999948,500,0,0.810157377815473
43,-101.59999999999953,500,0,0.8061065909263957
44,-99.19999999999962,500,0,0.8020760579717637
45,-93.59999999999961,500,0,0.798065677681905
46,-97.9999999999996,500,0,0.7940753492934954
47,-97.59999999999945,500,0,0.7901049725470279
48,-116.7999999999992,500,0,0.7861544476842928
49,-91.59999999999955,500,0,0.7822236754458713
50,-97.99999999999949,500,0,0.778312557068642
51,-99.19999999999943,500,0,0.7744209942832988
52,-91.19999999999962,500,0,0.7705488893118823
53,-106.39999999999938,500,0,0.7666961448653229
54,-94.7999999999995,500,0,0.7628626641409962
55,-101.99999999999953,500,0,0.7590483508202912
56,-97.59999999999954,500,0,0.7552531090661897
57,-93.99999999999957,500,0,0.7514768435208588
58,-103.99999999999956,500,0,0.7477194593032545
59,-95.59999999999958,500,0,0.7439808620067382
60,-91.99999999999952,500,0,0.7402609576967045
61,-90.39999999999972,500,0,0.736559652908221
62,-90.3999999999995,500,0,0.7328768546436799
63,-89.9999999999996,500,0,0.7292124703704616
64,-102.39999999999961,500,0,0.7255664080186093
65,-90.39999999999964,500,0,0.7219385759785162
66,-91.59999999999945,500,0,0.7183288830986236
67,-86.79999999999961,500,0,0.7147372386831305
68,-89.59999999999962,500,0,0.7111635524897149
69,-100.79999999999936,500,0,0.7076077347272662
70,-96.79999999999941,500,0,0.7040696960536299
71,-81.59999999999988,500,0,0.7005493475733617
72,-86.79999999999977,500,0,0.697046600835495
73,-87.19999999999978,500,0,0.6935613678313175
74,-89.59999999999957,500,0,0.6900935609921609
75,-82.79999999999977,500,0,0.6866430931872001
76,-93.99999999999977,500,0,0.6832098777212641
77,-88.39999999999955,500,0,0.6797938283326578
78,-86.80000000000004,500,0,0.6763948591909945
79,-91.19999999999966,500,0,0.6730128848950395
80,-86.79999999999981,500,0,0.6696478204705644
81,-85.99999999999969,500,0,0.6662995813682115
82,-89.99999999999962,500,0,0.6629680834613705
83,-97.59999999999945,500,0,0.6596532430440636
84,-79.59999999999981,500,0,0.6563549768288433
85,-86.79999999999961,500,0,0.653073201944699
86,-81.19999999999996,500,0,0.6498078359349755
87,-78.79999999999993,500,0,0.6465587967553006
88,-87.59999999999971,500,0,0.6433260027715241
89,-91.99999999999959,500,0,0.6401093727576664
90,-89.59999999999964,500,0,0.6369088258938781
91,-81.19999999999983,500,0,0.6337242817644086
92,-86.79999999999983,500,0,0.6305556603555866
93,-91.99999999999946,500,0,0.6274028820538087
94,-86.39999999999968,500,0,0.6242658676435396
95,-83.99999999999962,500,0,0.6211445383053219
96,-82.39999999999988,500,0,0.6180388156137953
97,-86.3999999999998,500,0,0.6149486215357263
98,-83.59999999999991,500,0,0.6118738784280476
99,-83.19999999999976,500,0,0.6088145090359074
100,-87.9999999999997,500,0,0.6057704364907278
101,-94.79999999999949,500,0,0.6027415843082742
102,-80.79999999999971,500,0,0.5997278763867329
103,-83.1999999999997,500,0,0.5967292370047992
104,-84.39999999999975,500,0,0.5937455908197752
105,-78.8000000000001,500,0,0.5907768628656763
106,-87.99999999999963,500,0,0.5878229785513479
107,-88.3999999999995,500,0,0.5848838636585911
108,-80.39999999999986,500,0,0.5819594443402982
109,-83.9999999999997,500,0,0.5790496471185967
110,-87.99999999999963,500,0,0.5761543988830038
111,-81.99999999999982,500,0,0.5732736268885887
112,-83.99999999999973,500,0,0.5704072587541458
113,-83.99999999999957,500,0,0.567555222460375
114,-80.39999999999984,500,0,0.5647174463480732
115,-69.60000000000021,500,0,0.5618938591163328
116,-83.5999999999998,500,0,0.5590843898207511
117,-81.59999999999987,500,0,0.5562889678716474
118,-84.79999999999964,500,0,0.5535075230322891
119,-83.59999999999982,500,0,0.5507399854171277
120,-85.5999999999996,500,0,0.547986285490042
121,-87.59999999999965,500,0,0.5452463540625918
122,-83.19999999999996,500,0,0.5425201222922789
123,-82.3999999999998,500,0,0.5398075216808175
124,-78.39999999999988,500,0,0.5371084840724134
125,-80.79999999999973,500,0,0.5344229416520513
126,-78.79999999999981,500,0,0.531750826943791
127,-84.39999999999979,500,0,0.5290920728090721
128,-82.39999999999978,500,0,0.5264466124450268
129,-79.19999999999982,500,0,0.5238143793828016
130,-79.59999999999987,500,0,0.5211953074858876
131,-85.59999999999965,500,0,0.5185893309484582
132,-81.19999999999969,500,0,0.5159963842937159
133,-81.99999999999979,500,0,0.5134164023722473
134,-83.99999999999957,500,0,0.510849320360386
135,-73.59999999999998,500,0,0.5082950737585841
136,-78.3999999999998,500,0,0.5057535983897912
137,-80.79999999999983,500,0,0.5032248303978422
138,-79.19999999999999,500,0,0.500708706245853
139,-80.79999999999995,500,0,0.4982051627146237
140,-86.79999999999963,500,0,0.49571413690105054
141,-78.39999999999985,500,0,0.4932355662165453
142,-77.19999999999992,500,0,0.4907693883854626
143,-75.99999999999996,500,0,0.4883155414435353
144,-78.7999999999999,500,0,0.4858739637363176
145,-72.80000000000005,500,0,0.483444593917636
146,-76.00000000000001,500,0,0.4810273709480478
147,-73.60000000000005,500,0,0.47862223409330756
148,-77.59999999999988,500,0,0.47622912292284103
149,-76.79999999999991,500,0,0.4738479773082268
150,-74.40000000000003,500,0,0.47147873742168567
151,-73.20000000000022,500,0,0.46912134373457726
152,-74.40000000000005,500,0,0.46677573701590436
153,-77.59999999999991,500,0,0.46444185833082485
154,-74.39999999999999,500,0,0.46211964903917074
155,-79.19999999999987,500,0,0.4598090507939749
156,-75.59999999999991,500,0,0.457510005540005
157,-72.00000000000011,500,0,0.45522245551230495
158,-76.0,500,0,0.4529463432347434
159,-73.20000000000002,500,0,0.4506816115185697
160,-74.00000000000009,500,0,0.4484282034609769
161,-75.20000000000002,500,0,0.446186062443672
162,-78.00000000000014,500,0,0.4439551321314536
163,-77.19999999999986,500,0,0.4417353564707963
164,-143.1999999999995,500,0,0.43952667968844233
165,-75.20000000000002,500,0,0.43732904629000013
166,-77.99999999999991,500,0,0.4351424010585501
167,-78.00000000000003,500,0,0.43296668905325736
168,-68.40000000000019,500,0,0.43080185560799106
169,-76.79999999999993,500,0,0.4286478463299511
170,-73.6,500,0,0.42650460709830135
171,-71.20000000000005,500,0,0.42437208406280985
172,-80.39999999999974,500,0,0.4222502236424958
173,-75.60000000000008,500,0,0.42013897252428334
174,-70.80000000000018,500,0,0.4180382776616619
175,-72.00000000000014,500,0,0.4159480862733536
176,-70.80000000000024,500,0,0.41386834584198684
177,-69.60000000000016,500,0,0.4117990041127769
178,-74.00000000000007,500,0,0.40974000909221303
179,-110.00000000000003,500,0,0.40769130904675194
180,-72.40000000000012,500,0,0.40565285250151817
181,-70.00000000000013,500,0,0.4036245882390106
182,-70.40000000000025,500,0,0.4016064652978155
183,-72.80000000000004,500,0,0.3995984329713264
184,-68.80000000000024,500,0,0.3976004408064698
185,-77.20000000000006,500,0,0.39561243860243744
186,-69.20000000000023,500,0,0.3936343764094253
187,-73.20000000000005,500,0,0.39166620452737816
188,-71.60000000000008,500,0,0.3897078735047413
189,-71.60000000000011,500,0,0.3877593341372176
190,-72.00000000000009,500,0,0.3858205374665315
191,-74.40000000000006,500,0,0.38389143477919885
192,-80.00000000000034,500,0,0.3819719776053028
193,-72.80000000000004,500,0,0.3800621177172763
194,-71.60000000000008,500,0,0.37816180712868996
195,-71.20000000000009,500,0,0.37627099809304654
196,-70.40000000000012,500,0,0.3743896431025813
197,-72.40000000000018,500,0,0.37251769488706843
198,-69.60000000000024,500,0,0.3706551064126331
199,-73.19999999999999,500,0,0.36880183088056995
200,-69.20000000000024,500,0,0.3669578217261671
201,-72.80000000000007,500,0,0.36512303261753626
202,-70.40000000000019,500,0,0.3632974174544486
203,-69.20000000000022,500,0,0.3614809303671764
204,-74.80000000000004,500,0,0.3596735257153405
205,-69.60000000000025,500,0,0.3578751580867638
206,-68.40000000000032,500,0,0.35608578229633
207,-68.00000000000021,500,0,0.3543053533848483
208,-72.40000000000015,500,0,0.35253382661792404
209,-68.40000000000023,500,0,0.3507711574848344
210,-71.60000000000021,500,0,0.34901730169741024
211,-67.20000000000032,500,0,0.3472722151889232
212,-66.8000000000003,500,0,0.3455358541129786
213,-69.20000000000022,500,0,0.3438081748424137
214,-66.80000000000028,500,0,0.3420891339682016
215,-70.80000000000003,500,0,0.3403786882983606
216,-69.20000000000019,500,0,0.3386767948568688
217,-66.40000000000036,500,0,0.33698341088258443
218,-64.00000000000044,500,0,0.3352984938281715
219,-68.40000000000022,500,0,0.33362200135903064
220,-64.80000000000045,500,0,0.33195389135223546
221,-70.00000000000013,500,0,0.3302941218954743
222,-72.40000000000016,500,0,0.32864265128599696
223,-65.6000000000004,500,0,0.326999438029567
224,-64.40000000000042,500,0,0.3253644408394192
225,-71.60000000000014,500,0,0.3237376186352221
226,-66.40000000000039,500,0,0.322118930542046
227,-66.0000000000004,500,0,0.32050833588933575
228,-72.4000000000001,500,0,0.31890579420988907
229,-73.60000000000012,500,0,0.3173112652388396
230,-64.8000000000004,500,0,0.3157247089126454
231,-72.40000000000005,500,0,0.3141460853680822
232,-68.40000000000032,500,0,0.3125753549412418
233,-60.400000000000446,500,0,0.31101247816653554
234,-71.60000000000014,500,0,0.30945741577570285
235,-66.40000000000038,500,0,0.3079101286968243
236,-66.00000000000034,500,0,0.3063705780533402
237,-68.8000000000002,500,0,0.30483872516307353
238,-66.00000000000033,500,0,0.3033145315372582
239,-68.80000000000018,500,0,0.3017979588795719
240,-66.00000000000036,500,0,0.30028896908517405
241,-74.40000000000009,500,0,0.2987875242397482
242,-62.400000000000475,500,0,0.29729358661854943
243,-63.20000000000044,500,0,0.29580711868545667
244,-70.00000000000021,500,0,0.2943280830920294
245,-67.20000000000029,500,0,0.29285644267656924
246,-76.80000000000037,500,0,0.2913921604631864
247,-71.20000000000014,500,0,0.28993519966087045
248,-66.00000000000036,500,0,0.2884855236625661
249,-67.20000000000034,500,0,0.28704309604425327
250,-63.20000000000046,500,0,0.285607880564032
251,-65.2000000000004,500,0,0.28417984116121187
252,-67.2000000000003,500,0,0.2827589419554058
253,-64.40000000000039,500,0,0.28134514724562876
254,-66.80000000000032,500,0,0.2799384215094006
255,-65.20000000000036,500,0,0.27853872940185365
256,-65.20000000000039,500,0,0.27714603575484437
257,-61.60000000000052,500,0,0.2757603055760701
258,-71.60000000000012,500,0,0.2743815040481898
259,-65.20000000000036,500,0,0.2730095965279488
260,-66.00000000000037,500,0,0.27164454854530906
261,-60.000000000000455,500,0,0.2702863258025825
262,-64.40000000000046,500,0,0.2689348941735696
263,-64.40000000000042,500,0,0.26759021970270175
264,-66.40000000000032,500,0,0.2662522686041882
265,-62.80000000000049,500,0,0.2649210072611673
266,-62.80000000000048,500,0,0.26359640222486147
267,-66.40000000000036,500,0,0.26227842021373715
268,-62.800000000000466,500,0,0.2609670281126685
269,-63.200000000000465,500,0,0.25966219297210513
270,-63.200000000000486,500,0,0.2583638820072446
271,-62.00000000000045,500,0,0.2570720625972084
272,-63.20000000000047,500,0,0.25578670228422234
273,-69.60000000000036,500,0,0.25450776877280124
274,-65.6000000000004,500,0,0.2532352299289372
275,-64.00000000000045,500,0,0.2519690537792925
276,-60.00000000000046,500,0,0.2507092085103961
277,-64.8000000000004,500,0,0.2494556624678441
278,-62.80000000000046,500,0,0.24820838415550486
279,-63.600000000000456,500,0,0.24696734223472733
280,-60.80000000000046,500,0,0.2457325055235537
281,-62.400000000000446,500,0,0.24450384299593592
282,-60.40000000000049,500,0,0.24328132378095624
283,-65.20000000000036,500,0,0.24206491716205145
284,-63.200000000000465,500,0,0.2408545925762412
285,-65.6000000000004,500,0,0.23965031961336
286,-62.80000000000047,500,0,0.2384520680152932
287,-63.60000000000045,500,0,0.23725980767521673
288,-51.40000000000019,355,1,0.23607350863684065
289,-115.19999999999861,500,0,0.23489314109365644
290,-62.000000000000476,500,0,0.23371867538818816
291,-63.20000000000047,500,0,0.23255008201124722
292,-63.200000000000465,500,0,0.231387331601191
293,-60.800000000000466,500,0,0.23023039494318503
294,-61.60000000000047,500,0,0.2290792429684691
295,-62.800000000000445,500,0,0.22793384675362674
296,-63.60000000000048,500,0,0.22679417751985861
297,-62.00000000000047,500,0,0.22566020663225933
298,-64.40000000000046,500,0,0.22453190559909803
299,-61.60000000000044,500,0,0.22340924607110255
300,-63.60000000000043,500,0,0.22229219984074702
301,-63.60000000000047,500,0,0.2211807388415433
302,-68.80000000000017,500,0,0.22007483514733558
303,-67.60000000000028,500,0,0.2189744609715989
304,-61.60000000000048,500,0,0.2178795886667409
305,-62.400000000000475,500,0,0.2167901907234072
306,-61.20000000000048,500,0,0.21570623976979014
307,-63.600000000000485,500,0,0.21462770857094118
308,-64.8000000000004,500,0,0.21355457002808648
309,-60.800000000000466,500,0,0.21248679717794605
310,-62.00000000000047,500,0,0.21142436319205632
311,-59.60000000000049,500,0,0.21036724137609603
312,-64.00000000000047,500,0,0.20931540516921554
313,-63.200000000000486,500,0,0.20826882814336947
314,-62.00000000000046,500,0,0.20722748400265262
315,-58.00000000000048,500,0,0.20619134658263935
316,-62.40000000000045,500,0,0.20516038984972615
317,-62.80000000000045,500,0,0.2041345879004775
318,-60.800000000000495,500,0,0.2031139149609751
319,-65.60000000000039,500,0,0.20209834538617025
320,-57.60000000000046,500,0,0.2010878536592394
321,-59.60000000000044,500,0,0.2000824143909432
322,-62.000000000000455,500,0,0.19908200231898848
323,-77.60000000000035,500,0,0.19808659230739353
324,-62.40000000000047,500,0,0.19709615934585656
325,-61.20000000000047,500,0,0.19611067854912728
326,-63.200000000000465,500,0,0.19513012515638165
327,-62.000000000000455,500,0,0.19415447453059972
328,-60.0000000000005,500,0,0.19318370215794672
329,-61.60000000000046,500,0,0.192217783647157
330,-64.00000000000047,500,0,0.1912566947289212
331,-62.40000000000048,500,0,0.1903004112552766
332,-62.80000000000049,500,0,0.18934890919900021
333,-58.80000000000043,500,0,0.18840216465300522
334,-60.80000000000046,500,0,0.18746015382974018
335,-62.000000000000455,500,0,0.1865228530605915
336,-60.80000000000048,500,0,0.18559023879528855
337,-57.60000000000045,500,0,0.1846622876013121
338,-63.60000000000045,500,0,0.18373897616330553
339,-59.20000000000044,500,0,0.182820281282489
340,-62.40000000000049,500,0,0.18190617987607657
341,-59.60000000000045,500,0,0.18099664897669618
342,-59.60000000000043,500,0,0.1800916657318127
343,-142.0,500,0,0.17919120740315364
344,-60.800000000000495,500,0,0.17829525136613786
345,-58.80000000000045,500,0,0.17740377510930716
346,-59.600000000000456,500,0,0.17651675623376062
347,-62.00000000000049,500,0,0.1756341724525918
348,-58.40000000000046,500,0,0.17475600159032884
349,-60.80000000000046,500,0,0.17388222158237718
350,-58.00000000000045,500,0,0.1730128104744653
351,-100.00000000000028,500,0,0.17214774642209296
352,-60.80000000000043,500,0,0.1712870076899825
353,-56.40000000000046,500,0,0.17043057265153258
354,-57.600000000000456,500,0,0.16957841978827493
355,-55.60000000000045,500,0,0.16873052768933355
356,-62.400000000000446,500,0,0.1678868750508869
357,-58.00000000000046,500,0,0.16704744067563246
358,-76.79999999999987,500,0,0.1662122034722543
359,-55.60000000000044,500,0,0.16538114245489302
360,-59.60000000000046,500,0,0.16455423674261854
361,-58.000000000000455,500,0,0.16373146555890544
362,-59.200000000000465,500,0,0.16291280823111093
363,-58.400000000000446,500,0,0.16209824418995536
364,-59.60000000000044,500,0,0.16128775296900558
365,-59.20000000000044,500,0,0.16048131420416054
366,-58.00000000000044,500,0,0.15967890763313974
367,-57.60000000000047,500,0,0.15888051309497406
368,-56.000000000000426,500,0,0.1580861105294992
369,-57.20000000000046,500,0,0.1572956799768517
370,-58.80000000000048,500,0,0.15650920157696743
371,-57.60000000000044,500,0,0.1557266555690826
372,-56.00000000000046,500,0,0.1549480222912372
373,-56.40000000000046,500,0,0.15417328217978102
374,-58.400000000000446,500,0,0.1534024157688821
375,-58.40000000000046,500,0,0.1526354036900377
376,-57.20000000000045,500,0,0.1518722266715875
377,-59.60000000000043,500,0,0.15111286553822956
378,-55.20000000000048,500,0,0.15035730121053842
379,-64.00000000000045,500,0,0.14960551470448571
380,-54.40000000000045,500,0,0.14885748713096328
381,-59.20000000000045,500,0,0.14811319969530845
382,-59.60000000000044,500,0,0.1473726336968319
383,-58.000000000000455,500,0,0.14663577052834775
384,-56.00000000000046,500,0,0.14590259167570602
385,-54.00000000000044,500,0,0.1451730787173275
386,-56.00000000000044,500,0,0.14444721332374086
387,-58.80000000000047,500,0,0.14372497725712216
388,-58.40000000000045,500,0,0.14300635237083656
389,-58.000000000000476,500,0,0.14229132060898236
390,-59.60000000000044,500,0,0.14157986400593744
391,-59.200000000000436,500,0,0.14087196468590776
392,-55.600000000000456,500,0,0.14016760486247823
393,-64.80000000000038,500,0,0.13946676683816583
394,-58.800000000000445,500,0,0.138769433003975
395,-59.60000000000049,500,0,0.13807558583895513
396,-58.000000000000476,500,0,0.13738520790976036
397,-60.00000000000046,500,0,0.13669828187021155
398,-56.40000000000047,500,0,0.13601479046086049
399,-58.80000000000043,500,0,0.1353347165085562
400,-57.20000000000046,500,0,0.1346580429260134
401,-58.00000000000045,500,0,0.13398475271138335
402,-57.200000000000436,500,0,0.13331482894782642
403,-57.60000000000046,500,0,0.13264825480308728
404,-59.200000000000465,500,0,0.13198501352907185
405,-58.80000000000048,500,0,0.1313250884614265
406,-57.20000000000046,500,0,0.13066846301911936
407,-57.20000000000044,500,0,0.13001512070402377
408,-57.60000000000046,500,0,0.12936504510050365
409,-58.40000000000046,500,0,0.12871821987500112
410,-52.80000000000044,500,0,0.12807462877562611
411,-56.40000000000047,500,0,0.12743425563174798
412,-57.200000000000436,500,0,0.12679708435358925
413,-59.60000000000047,500,0,0.1261630989318213
414,-56.800000000000445,500,0,0.1255322834371622
415,-54.400000000000446,500,0,0.12490462201997637
416,-53.200000000000465,500,0,0.1242800989098765
417,-56.00000000000043,500,0,0.12365869841532712
418,-59.20000000000046,500,0,0.12304040492325048
419,-56.000000000000455,500,0,0.12242520289863423
420,-58.80000000000046,500,0,0.12181307688414106
421,-60.40000000000045,500,0,0.12120401149972035
422,-55.20000000000046,500,0,0.12059799144222175
423,-59.60000000000047,500,0,0.11999500148501063
424,-57.200000000000486,500,0,0.11939502647758558
425,-60.800000000000445,500,0,0.11879805134519765
426,-56.80000000000045,500,0,0.11820406108847166
427,-56.000000000000455,500,0,0.1176130407830293
428,-56.000000000000455,500,0,0.11702497557911415
429,-53.60000000000045,500,0,0.11643985070121858
430,-56.40000000000047,500,0,0.11585765144771248
431,-57.20000000000047,500,0,0.11527836319047392
432,-59.20000000000043,500,0,0.11470197137452155
433,-56.40000000000044,500,0,0.11412846151764894
434,-73.59999999999981,500,0,0.1135578192100607
435,-56.40000000000045,500,0,0.11299003011401039
436,-54.80000000000047,500,0,0.11242507996344034
437,-56.80000000000046,500,0,0.11186295456362313
438,-55.200000000000486,500,0,0.11130363979080501
439,-56.00000000000044,500,0,0.11074712159185099
440,-54.80000000000045,500,0,0.11019338598389174
441,-56.40000000000046,500,0,0.10964241905397228
442,-57.200000000000436,500,0,0.10909420695870241
443,-56.40000000000044,500,0,0.1085487359239089
444,-57.20000000000046,500,0,0.10800599224428936
445,-57.20000000000045,500,0,0.10746596228306791
446,-58.40000000000047,500,0,0.10692863247165257
447,-58.000000000000476,500,0,0.1063939893092943
448,-56.800000000000445,500,0,0.10586201936274783
449,-55.60000000000044,500,0,0.10533270926593409
450,-56.00000000000047,500,0,0.10480604571960442
451,-57.20000000000046,500,0,0.1042820154910064
452,-55.60000000000045,500,0,0.10376060541355137
453,-55.20000000000045,500,0,0.1032418023864836
454,-60.80000000000045,500,0,0.10272559337455119
455,-72.79999999999978,500,0,0.10221196540767843
456,-56.40000000000046,500,0,0.10170090558064004
457,-54.80000000000045,500,0,0.10119240105273684
458,-55.200000000000436,500,0,0.10068643904747315
459,-58.000000000000455,500,0,0.10018300685223579
460,-56.40000000000047,500,0,0.1
461,-54.400000000000446,500,0,0.1
462,-58.80000000000046,500,0,0.1
463,-56.800000000000466,500,0,0.1
464,-55.20000000000046,500,0,0.1
465,-53.600000000000435,500,0,0.1
466,-53.60000000000047,500,0,0.1
467,-52.80000000000045,500,0,0.1
468,-55.200000000000436,500,0,0.1
469,-53.60000000000044,500,0,0.1
470,-56.80000000000046,500,0,0.1
471,-56.40000000000046,500,0,0.1
472,-55.60000000000045,500,0,0.1
473,-56.40000000000047,500,0,0.1
474,-56.80000000000046,500,0,0.1
475,-56.000000000000426,500,0,0.1
476,-58.40000000000045,500,0,0.1
477,-56.00000000000045,500,0,0.1
478,-55.200000000000465,500,0,0.1
479,-54.800000000000466,500,0,0.1
480,-55.20000000000046,500,0,0.1
481,-53.60000000000044,500,0,0.1
482,-56.800000000000466,500,0,0.1
483,-55.20000000000044,500,0,0.1
484,-54.00000000000046,500,0,0.1
485,-55.60000000000043,500,0,0.1
486,-58.00000000000044,500,0,0.1
487,-55.600000000000485,500,0,0.1
488,-92.39999999999856,500,0,0.1
489,-54.00000000000044,500,0,0.1
490,-56.000000000000455,500,0,0.1
491,-56.00000000000046,500,0,0.1
492,-56.00000000000045,500,0,0.1
493,-56.000000000000455,500,0,0.1
494,-56.00000000000044,500,0,0.1
495,-56.00000000000046,500,0,0.1
496,-56.00000000000044,500,0,0.1
497,-154.39999999999998,500,0,0.1
498,-73.20000000000036,500,0,0.1
499,-70.00000000000001,500,0,0.1
500,-73.20000000000014,500,0,0.1
501,-57.60000000000045,500,0,0.1
502,-58.400000000000475,500,0,0.1
503,-56.00000000000045,500,0,0.1
504,-53.20000000000044,500,0,0.1
505,-58.00000000000047,500,0,0.1
506,-55.20000000000044,500,0,0.1
507,-57.20000000000047,500,0,0.1
508,-56.40000000000045,500,0,0.1
509,-56.80000000000046,500,0,0.1
510,-55.20000000000047,500,0,0.1
511,-54.800000000000466,500,0,0.1
512,-64.40000000000047,500,0,0.1
513,-63.60000000000044,500,0,0.1
514,-56.00000000000047,500,0,0.1
515,-55.200000000000465,500,0,0.1
516,-58.00000000000054,500,0,0.1
517,-81.99999999999969,500,0,0.1
518,-59.2000000000005,500,0,0.1
519,-73.9999999999998,500,0,0.1
520,-58.000000000000455,500,0,0.1
521,-52.400000000000446,500,0,0.1
522,-53.20000000000044,500,0,0.1
523,-56.000000000000476,500,0,0.1
524,-57.60000000000046,500,0,0.1
525,-56.40000000000049,500,0,0.1
526,-57.60000000000047,500,0,0.1
527,-54.80000000000048,500,0,0.1
528,-84.7999999999999,500,0,0.1
529,-54.00000000000048,500,0,0.1
530,-52.000000000000455,500,0,0.1
531,-52.00000000000044,500,0,0.1
532,-52.00000000000047,500,0,0.1
533,-51.20000000000045,500,0,0.1
534,-51.20000000000045,500,0,0.1
535,-56.800000000000466,500,0,0.1
536,-54.40000000000046,500,0,0.1
537,-54.40000000000044,500,0,0.1
538,-52.00000000000046,500,0,0.1
539,-52.800000000000445,500,0,0.1
540,-75.60000000000038,500,0,0.1
541,-54.80000000000046,500,0,0.1
542,-53.20000000000044,500,0,0.1
543,-52.80000000000046,500,0,0.1
544,-56.80000000000045,500,0,0.1
545,-55.60000000000046,500,0,0.1
546,-54.800000000000445,500,0,0.1
547,-56.800000000000466,500,0,0.1
548,-54.80000000000044,500,0,0.1
549,-55.20000000000044,500,0,0.1
550,-55.60000000000046,500,0,0.1
551,-56.40000000000048,500,0,0.1
552,-52.400000000000446,500,0,0.1
553,-57.20000000000048,500,0,0.1
554,-55.20000000000046,500,0,0.1
555,-57.60000000000047,500,0,0.1
556,-53.20000000000047,500,0,0.1
557,-56.00000000000047,500,0,0.1
558,-56.40000000000045,500,0,0.1
559,-56.400000000000446,500,0,0.1
560,-54.000000000000455,500,0,0.1
561,-56.00000000000045,500,0,0.1
562,-58.000000000000455,500,0,0.1
563,-58.400000000000475,500,0,0.1
564,-53.60000000000046,500,0,0.1
565,-57.20000000000048,500,0,0.1
566,-55.60000000000044,500,0,0.1
567,-64.80000000000044,500,0,0.1
568,-53.20000000000044,500,0,0.1
569,-56.80000000000046,500,0,0.1
570,-56.800000000000445,500,0,0.1
571,-54.40000000000045,500,0,0.1
572,-55.60000000000046,500,0,0.1
573,-57.60000000000045,500,0,0.1
574,-139.20000000000005,500,0,0.1
575,-177.19999999999985,500,0,0.1
576,-52.80000000000045,500,0,0.1
577,-60.80000000000044,500,0,0.1
578,-51.20000000000044,500,0,0.1
579,-54.40000000000048,500,0,0.1
580,-55.20000000000045,500,0,0.1
581,-54.40000000000047,500,0,0.1
582,-86.79999999999913,500,0,0.1
583,-54.80000000000045,500,0,0.1
584,-52.80000000000046,500,0,0.1
585,-51.60000000000044,500,0,0.1
586,-53.60000000000045,500,0,0.1
587,-50.80000000000044,500,0,0.1
588,-53.600000000000435,500,0,0.1
589,-54.40000000000043,500,0,0.1
590,-56.80000000000048,500,0,0.1
591,-53.60000000000046,500,0,0.1
592,-53.600000000000456,500,0,0.1
593,-57.200000000000465,500,0,0.1
594,-55.20000000000045,500,0,0.1
595,-55.20000000000046,500,0,0.1
596,-55.20000000000046,500,0,0.1
597,-56.800000000000445,500,0,0.1
598,-54.40000000000046,500,0,0.1
599,-57.6000000000005,500,0,0.1
600,-54.80000000000044,500,0,0.1
601,-55.60000000000045,500,0,0.1
602,-54.40000000000046,500,0,0.1
603,-56.000000000000426,500,0,0.1
604,-55.600000000000456,500,0,0.1
605,-56.00000000000046,500,0,0.1
606,-55.20000000000046,500,0,0.1
607,-55.600000000000435,500,0,0.1
608,-56.400000000000446,500,0,0.1
609,-56.80000000000045,500,0,0.1
610,-55.20000000000046,500,0,0.1
611,-55.200000000000465,500,0,0.1
612,-58.40000000000045,500,0,0.1
613,-57.200000000000465,500,0,0.1
614,-59.20000000000047,500,0,0.1
615,-52.000000000000455,500,0,0.1
616,-58.40000000000045,500,0,0.1
617,-57.60000000000046,500,0,0.1
618,-56.400000000000425,500,0,0.1
619,-57.20000000000044,500,0,0.1
620,-54.40000000000045,500,0,0.1
621,-55.20000000000047,500,0,0.1
622,-59.60000000000046,500,0,0.1
623,-55.600000000000456,500,0,0.1
624,-61.60000000000042,500,0,0.1
625,-56.00000000000044,500,0,0.1
626,-55.60000000000044,500,0,0.1
627,-58.00000000000046,500,0,0.1
628,-66.0000000000004,500,0,0.1
629,-58.400000000000446,500,0,0.1
630,-60.40000000000044,500,0,0.1
631,-54.000000000000426,500,0,0.1
632,-55.20000000000047,500,0,0.1
633,-56.0000000000005,500,0,0.1
634,-57.20000000000046,500,0,0.1
635,-52.80000000000045,500,0,0.1
636,-59.20000000000044,500,0,0.1
637,-202.7999999999999,500,0,0.1
638,-56.00000000000045,500,0,0.1
639,-58.80000000000045,500,0,0.1
640,-56.40000000000044,500,0,0.1
641,-58.800000000000466,500,0,0.1
642,-66.80000000000041,500,0,0.1
643,-56.00000000000049,500,0,0.1
644,-54.400000000000446,500,0,0.1
645,-59.20000000000047,500,0,0.1
646,-53.200000000000436,500,0,0.1
647,-53.60000000000046,500,0,0.1
648,-60.000000000000504,500,0,0.1
649,-52.80000000000046,500,0,0.1
650,-52.80000000000045,500,0,0.1
651,-54.40000000000044,500,0,0.1
652,-51.20000000000044,500,0,0.1
653,-54.40000000000047,500,0,0.1
654,-54.400000000000446,500,0,0.1
655,-53.60000000000044,500,0,0.1
656,-53.600000000000456,500,0,0.1
657,-52.000000000000455,500,0,0.1
658,-53.60000000000044,500,0,0.1
659,-54.40000000000046,500,0,0.1
660,-52.00000000000044,500,0,0.1
661,-54.800000000000445,500,0,0.1
662,-53.200000000000436,500,0,0.1
663,-52.800000000000445,500,0,0.1
664,-55.20000000000044,500,0,0.1
665,-54.400000000000475,500,0,0.1
666,-56.00000000000044,500,0,0.1
667,-57.600000000000456,500,0,0.1
668,-56.80000000000045,500,0,0.1
669,-56.00000000000045,500,0,0.1
670,-55.600000000000435,500,0,0.1
671,-53.600000000000456,500,0,0.1
672,-57.60000000000046,500,0,0.1
673,-57.20000000000044,500,0,0.1
674,-53.600000000000456,500,0,0.1
675,-57.20000000000046,500,0,0.1
676,-57.600000000000456,500,0,0.1
677,-51.20000000000044,500,0,0.1
678,-54.40000000000047,500,0,0.1
679,-57.200000000000465,500,0,0.1
680,-58.800000000000445,500,0,0.1
681,-58.000000000000476,500,0,0.1
682,-58.80000000000044,500,0,0.1
683,-53.20000000000044,500,0,0.1
684,-56.800000000000466,500,0,0.1
685,-52.800000000000466,500,0,0.1
686,-53.60000000000046,500,0,0.1
687,-55.20000000000046,500,0,0.1
688,-54.800000000000466,500,0,0.1
689,-54.800000000000466,500,0,0.1
690,-53.60000000000044,500,0,0.1
691,-50.40000000000044,500,0,0.1
692,-54.80000000000042,500,0,0.1
693,-54.40000000000046,500,0,0.1
694,-53.200000000000436,500,0,0.1
695,-52.400000000000446,500,0,0.1
696,-52.00000000000045,500,0,0.1
697,-56.80000000000049,500,0,0.1
698,-54.800000000000466,500,0,0.1
699,-51.60000000000045,500,0,0.1
700,-52.400000000000475,500,0,0.1
701,-52.00000000000043,500,0,0.1
702,-51.60000000000045,500,0,0.1
703,-53.20000000000045,500,0,0.1
704,-52.400000000000475,500,0,0.1
705,-52.800000000000445,500,0,0.1
706,-54.40000000000045,500,0,0.1
707,-58.40000000000047,500,0,0.1
708,-60.80000000000048,500,0,0.1
709,-54.40000000000045,500,0,0.1
710,-56.0000000000005,500,0,0.1
711,-54.80000000000046,500,0,0.1
712,-58.00000000000045,500,0,0.1
713,-56.40000000000044,500,0,0.1
714,-54.40000000000045,500,0,0.1
715,-56.80000000000046,500,0,0.1
716,-50.80000000000044,500,0,0.1
717,-53.60000000000046,500,0,0.1
718,-56.00000000000045,500,0,0.1
719,-55.60000000000044,500,0,0.1
720,-55.60000000000046,500,0,0.1
721,-58.40000000000047,500,0,0.1
722,-53.20000000000044,500,0,0.1
723,-54.80000000000045,500,0,0.1
724,-57.60000000000048,500,0,0.1
725,-55.20000000000043,500,0,0.1
726,-57.60000000000047,500,0,0.1
727,-54.80000000000046,500,0,0.1
728,-55.20000000000044,500,0,0.1
729,-57.20000000000044,500,0,0.1
730,-54.80000000000048,500,0,0.1
731,-56.00000000000046,500,0,0.1
732,-56.80000000000045,500,0,0.1
733,-58.00000000000044,500,0,0.1
734,-56.00000000000046,500,0,0.1
735,-52.80000000000046,500,0,0.1
736,-55.60000000000046,500,0,0.1
737,-58.40000000000046,500,0,0.1
738,-55.60000000000044,500,0,0.1
739,-58.400000000000446,500,0,0.1
740,-53.60000000000047,500,0,0.1
741,-55.60000000000044,500,0,0.1
742,-54.00000000000046,500,0,0.1
743,-55.600000000000456,500,0,0.1
744,-54.80000000000046,500,0,0.1
745,-57.200000000000486,500,0,0.1
746,-56.000000000000426,500,0,0.1
747,-57.200000000000465,500,0,0.1
748,-54.80000000000045,500,0,0.1
749,-56.800000000000445,500,0,0.1
750,-56.000000000000476,500,0,0.1
751,-54.80000000000047,500,0,0.1
752,-55.60000000000045,500,0,0.1
753,-57.60000000000043,500,0,0.1
754,-66.80000000000021,500,0,0.1
755,-55.600000000000456,500,0,0.1
756,-56.80000000000044,500,0,0.1
757,-54.80000000000045,500,0,0.1
758,-56.80000000000046,500,0,0.1
759,-55.600000000000435,500,0,0.1
760,-54.00000000000045,500,0,0.1
761,-54.00000000000046,500,0,0.1
762,-60.800000000000445,500,0,0.1
763,-57.200000000000486,500,0,0.1
764,-54.80000000000046,500,0,0.1
765,-54.800000000000445,500,0,0.1
766,-54.40000000000046,500,0,0.1
767,-55.20000000000044,500,0,0.1
768,-58.80000000000046,500,0,0.1
769,-56.400000000000475,500,0,0.1
770,-57.60000000000046,500,0,0.1
771,-53.20000000000045,500,0,0.1
772,-56.80000000000045,500,0,0.1
773,-54.00000000000046,500,0,0.1
774,-53.60000000000044,500,0,0.1
775,-53.60000000000047,500,0,0.1
776,-52.00000000000045,500,0,0.1
777,-51.60000000000044,500,0,0.1
778,-53.60000000000044,500,0,0.1
779,-58.80000000000048,500,0,0.1
780,-55.60000000000044,500,0,0.1
781,-53.20000000000046,500,0,0.1
782,-57.20000000000047,500,0,0.1
783,-73.59999999999971,500,0,0.1
784,-54.000000000000455,500,0,0.1
785,-55.60000000000046,500,0,0.1
786,-56.000000000000455,500,0,0.1
787,-56.40000000000046,500,0,0.1
788,-57.60000000000046,500,0,0.1
789,-57.60000000000047,500,0,0.1
790,-54.80000000000046,500,0,0.1
791,-54.40000000000044,500,0,0.1
792,-54.80000000000045,500,0,0.1
793,-54.80000000000046,500,0,0.1
794,-56.00000000000044,500,0,0.1
795,-55.20000000000047,500,0,0.1
796,-53.60000000000048,500,0,0.1
797,-57.20000000000047,500,0,0.1
798,-57.600000000000456,500,0,0.1
799,-57.60000000000053,500,0,0.1
800,-59.60000000000045,500,0,0.1
801,-54.80000000000045,500,0,0.1
802,-54.40000000000048,500,0,0.1
803,-61.20000000000044,500,0,0.1
804,-54.80000000000047,500,0,0.1
805,-53.600000000000456,500,0,0.1
806,-54.000000000000426,500,0,0.1
807,-54.000000000000476,500,0,0.1
808,-53.60000000000046,500,0,0.1
809,-52.00000000000043,500,0,0.1
810,-54.80000000000044,500,0,0.1
811,-54.80000000000046,500,0,0.1
812,-54.00000000000045,500,0,0.1
813,-51.60000000000044,500,0,0.1
814,-52.40000000000043,500,0,0.1
815,-66.40000000000042,500,0,0.1
816,-56.000000000000455,500,0,0.1
817,-52.80000000000044,500,0,0.1
818,-56.00000000000047,500,0,0.1
819,-56.800000000000445,500,0,0.1
820,-55.20000000000045,500,0,0.1
821,-56.40000000000046,500,0,0.1
822,-56.00000000000046,500,0,0.1
823,-56.80000000000046,500,0,0.1
824,-56.40000000000046,500,0,0.1
825,-56.000000000000455,500,0,0.1
826,-54.00000000000046,500,0,0.1
827,-55.20000000000045,500,0,0.1
828,-56.40000000000044,500,0,0.1
829,-58.40000000000045,500,0,0.1
830,-54.40000000000047,500,0,0.1
831,-54.40000000000044,500,0,0.1
832,-54.00000000000046,500,0,0.1
833,-58.00000000000047,500,0,0.1
834,-54.40000000000045,500,0,0.1
835,-58.80000000000046,500,0,0.1
836,-58.400000000000475,500,0,0.1
837,-56.00000000000046,500,0,0.1
838,-100.00000000000024,500,0,0.1
839,-52.80000000000046,500,0,0.1
840,-56.000000000000455,500,0,0.1
841,-52.40000000000046,500,0,0.1
842,-53.60000000000046,500,0,0.1
843,-54.00000000000047,500,0,0.1
844,-52.800000000000445,500,0,0.1
845,-54.00000000000044,500,0,0.1
846,-54.40000000000046,500,0,0.1
847,-52.400000000000446,500,0,0.1
848,-56.80000000000045,500,0,0.1
849,-54.800000000000445,500,0,0.1
850,-53.20000000000044,500,0,0.1
851,-56.000000000000426,500,0,0.1
852,-54.40000000000043,500,0,0.1
853,-54.40000000000043,500,0,0.1
854,-54.40000000000045,500,0,0.1
855,-58.00000000000044,500,0,0.1
856,-53.600000000000456,500,0,0.1
857,-56.40000000000045,500,0,0.1
858,-55.600000000000456,500,0,0.1
859,-55.20000000000048,500,0,0.1
860,-56.00000000000047,500,0,0.1
861,-52.80000000000046,500,0,0.1
862,-53.60000000000046,500,0,0.1
863,-52.80000000000045,500,0,0.1
864,-55.600000000000456,500,0,0.1
865,-56.00000000000047,500,0,0.1
866,-53.200000000000465,500,0,0.1
867,-59.20000000000046,500,0,0.1
868,-56.40000000000045,500,0,0.1
869,-55.20000000000046,500,0,0.1
870,-53.20000000000045,500,0,0.1
871,-57.20000000000047,500,0,0.1
872,-54.00000000000047,500,0,0.1
873,-56.40000000000046,500,0,0.1
874,-56.00000000000047,500,0,0.1
875,-53.20000000000045,500,0,0.1
876,-56.80000000000044,500,0,0.1
877,-56.80000000000046,500,0,0.1
878,-56.40000000000044,500,0,0.1
879,-56.000000000000476,500,0,0.1
880,-56.80000000000045,500,0,0.1
881,-56.40000000000046,500,0,0.1
882,-58.00000000000046,500,0,0.1
883,-56.80000000000048,500,0,0.1
884,-58.000000000000455,500,0,0.1
885,-53.600000000000456,500,0,0.1
886,-54.00000000000045,500,0,0.1
887,-55.60000000000044,500,0,0.1
888,-57.20000000000045,500,0,0.1
889,-55.60000000000043,500,0,0.1
890,-56.00000000000048,500,0,0.1
891,-56.40000000000046,500,0,0.1
892,-55.60000000000047,500,0,0.1
893,-55.60000000000046,500,0,0.1
894,-57.20000000000044,500,0,0.1
895,-55.60000000000047,500,0,0.1
896,-54.40000000000047,500,0,0.1
897,-55.60000000000049,500,0,0.1
898,-53.200000000000465,500,0,0.1
899,-52.80000000000046,500,0,0.1
900,-56.40000000000045,500,0,0.1
901,-52.400000000000446,500,0,0.1
902,-52.00000000000045,500,0,0.1
903,-56.80000000000046,500,0,0.1
904,-56.800000000000466,500,0,0.1
905,-56.80000000000049,500,0,0.1
906,-52.800000000000445,500,0,0.1
907,-54.40000000000046,500,0,0.1
908,-52.400000000000446,500,0,0.1
909,-54.000000000000455,500,0,0.1
910,-53.20000000000047,500,0,0.1
911,-53.200000000000436,500,0,0.1
912,-52.40000000000046,500,0,0.1
913,-53.60000000000046,500,0,0.1
914,-54.00000000000045,500,0,0.1
915,-54.400000000000475,500,0,0.1
916,-52.80000000000046,500,0,0.1
917,-56.40000000000044,500,0,0.1
918,-56.800000000000466,500,0,0.1
919,-52.800000000000445,500,0,0.1
920,-54.800000000000445,500,0,0.1
921,-52.80000000000044,500,0,0.1
922,-53.20000000000046,500,0,0.1
923,-53.600000000000456,500,0,0.1
924,-54.00000000000046,500,0,0.1
925,-51.60000000000045,500,0,0.1
926,-52.80000000000044,500,0,0.1
927,-52.40000000000044,500,0,0.1
928,-52.40000000000046,500,0,0.1
929,-51.600000000000435,500,0,0.1
930,-57.20000000000049,500,0,0.1
931,-54.800000000000445,500,0,0.1
932,-54.40000000000044,500,0,0.1
933,-56.800000000000445,500,0,0.1
934,-55.20000000000047,500,0,0.1
935,-52.00000000000044,500,0,0.1
936,-53.200000000000465,500,0,0.1
937,-54.80000000000043,500,0,0.1
938,-54.40000000000046,500,0,0.1
939,-57.20000000000055,500,0,0.1
940,-54.00000000000046,500,0,0.1
941,-52.80000000000045,500,0,0.1
942,-55.20000000000048,500,0,0.1
943,-56.000000000000455,500,0,0.1
944,-56.00000000000045,500,0,0.1
945,-53.200000000000465,500,0,0.1
946,-59.200000000000465,500,0,0.1
947,-54.40000000000046,500,0,0.1
948,-54.80000000000045,500,0,0.1
949,-56.40000000000043,500,0,0.1
950,-55.600000000000435,500,0,0.1
951,-52.80000000000045,500,0,0.1
952,-53.20000000000047,500,0,0.1
953,-53.200000000000436,500,0,0.1
954,-54.00000000000047,500,0,0.1
955,-56.40000000000047,500,0,0.1
956,-53.60000000000045,500,0,0.1
957,-52.800000000000466,500,0,0.1
958,-53.600000000000456,500,0,0.1
959,-53.600000000000435,500,0,0.1
960,-53.20000000000046,500,0,0.1
961,-55.60000000000044,500,0,0.1
962,-53.200000000000436,500,0,0.1
963,-54.40000000000046,500,0,0.1
964,-54.80000000000046,500,0,0.1
965,-58.80000000000044,500,0,0.1
966,-57.60000000000046,500,0,0.1
967,-55.600000000000456,500,0,0.1
968,-55.60000000000047,500,0,0.1
969,-54.80000000000047,500,0,0.1
970,-55.200000000000465,500,0,0.1
971,-57.200000000000436,500,0,0.1
972,-56.00000000000045,500,0,0.1
973,-54.80000000000045,500,0,0.1
974,-57.20000000000046,500,0,0.1
975,-56.00000000000045,500,0,0.1
976,-55.60000000000047,500,0,0.1
977,-53.20000000000044,500,0,0.1
978,-54.40000000000046,500,0,0.1
979,-53.20000000000045,500,0,0.1
980,-53.60000000000045,500,0,0.1
981,-57.60000000000046,500,0,0.1
982,-55.200000000000436,500,0,0.1
983,-52.00000000000045,500,0,0.1
984,-53.20000000000044,500,0,0.1
985,-57.60000000000047,500,0,0.1
986,-52.40000000000044,500,0,0.1
987,-55.60000000000046,500,0,0.1
988,-54.00000000000047,500,0,0.1
989,-58.000000000000455,500,0,0.1
990,-55.600000000000456,500,0,0.1
991,-57.20000000000046,500,0,0.1
992,-53.60000000000044,500,0,0.1
993,-54.40000000000046,500,0,0.1
994,-57.20000000000045,500,0,0.1
995,-56.40000000000047,500,0,0.1
996,-52.80000000000046,500,0,0.1
997,-56.40000000000048,500,0,0.1
998,-51.60000000000045,500,0,0.1
999,-56.80000000000047,500,0,0.1
1000,-54.80000000000048,500,0,0.1
1001,-54.400000000000446,500,0,0.1
1002,-53.60000000000044,500,0,0.1
1003,-54.00000000000047,500,0,0.1
1004,-52.80000000000045,500,0,0.1
1005,-52.400000000000446,500,0,0.1
1006,-52.800000000000445,500,0,0.1
1007,-52.80000000000046,500,0,0.1
1008,-52.80000000000045,500,0,0.1
1009,-53.600000000000456,500,0,0.1
1010,-54.40000000000045,500,0,0.1
1011,-52.40000000000044,500,0,0.1
1012,-54.000000000000476,500,0,0.1
1013,-53.20000000000045,500,0,0.1
1014,-52.400000000000446,500,0,0.1
1015,-54.80000000000046,500,0,0.1
1016,-55.20000000000048,500,0,0.1
1017,-53.600000000000456,500,0,0.1
1018,-52.80000000000044,500,0,0.1
1019,-55.200000000000465,500,0,0.1
1020,-53.600000000000456,500,0,0.1
1021,-52.00000000000045,500,0,0.1
1022,-55.200000000000436,500,0,0.1
1023,-55.60000000000047,500,0,0.1
1024,-56.00000000000047,500,0,0.1
1025,-58.8000000000005,500,0,0.1
1026,-58.40000000000045,500,0,0.1
1027,-55.200000000000436,500,0,0.1
1028,-56.400000000000446,500,0,0.1
1029,-53.60000000000045,500,0,0.1
1030,-54.00000000000043,500,0,0.1
1031,-58.40000000000044,500,0,0.1
1032,-52.40000000000046,500,0,0.1
1033,-58.400000000000475,500,0,0.1
1034,-55.200000000000465,500,0,0.1
1035,-56.80000000000045,500,0,0.1
1036,-56.800000000000466,500,0,0.1
1037,-55.20000000000045,500,0,0.1
1038,-53.20000000000044,500,0,0.1
1039,-56.80000000000046,500,0,0.1
1040,-54.400000000000475,500,0,0.1
1041,-54.000000000000455,500,0,0.1
1042,-54.40000000000045,500,0,0.1
1043,-53.200000000000465,500,0,0.1
1044,-56.80000000000046,500,0,0.1
1045,-51.60000000000044,500,0,0.1
1046,-53.20000000000045,500,0,0.1
1047,-54.40000000000044,500,0,0.1
1048,-91.20000000000027,500,0,0.1
1049,-52.800000000000466,500,0,0.1
1050,-53.200000000000465,500,0,0.1
1051,-55.20000000000046,500,0,0.1
1052,-54.80000000000044,500,0,0.1
1053,-56.400000000000446,500,0,0.1
1054,-56.400000000000446,500,0,0.1
1055,-57.20000000000046,500,0,0.1
1056,-58.00000000000045,500,0,0.1
1057,-57.20000000000047,500,0,0.1
1058,-55.20000000000046,500,0,0.1
1059,-58.400000000000446,500,0,0.1
1060,-55.60000000000044,500,0,0.1
1061,-59.200000000000465,500,0,0.1
1062,-55.20000000000046,500,0,0.1
1063,-54.400000000000475,500,0,0.1
1064,-56.00000000000048,500,0,0.1
1065,-52.400000000000446,500,0,0.1
1066,-56.00000000000046,500,0,0.1
1067,-55.20000000000044,500,0,0.1
1068,-53.600000000000456,500,0,0.1
1069,-56.00000000000045,500,0,0.1
1070,-53.200000000000436,500,0,0.1
1071,-54.00000000000046,500,0,0.1
1072,-54.40000000000044,500,0,0.1
1073,-54.80000000000046,500,0,0.1
1074,-54.40000000000046,500,0,0.1
1075,-55.60000000000045,500,0,0.1
1076,-58.00000000000045,500,0,0.1
1077,-56.800000000000466,500,0,0.1
1078,-56.000000000000455,500,0,0.1
1079,-56.800000000000466,500,0,0.1
1080,-72.79999999999978,500,0,0.1
1081,-57.60000000000048,500,0,0.1
1082,-55.600000000000435,500,0,0.1
1083,-58.40000000000045,500,0,0.1
1084,-54.400000000000475,500,0,0.1
1085,-52.80000000000044,500,0,0.1
1086,-54.00000000000043,500,0,0.1
1087,-56.800000000000466,500,0,0.1
1088,-57.60000000000047,500,0,0.1
1089,-57.60000000000049,500,0,0.1
1090,-53.60000000000046,500,0,0.1
1091,-54.40000000000048,500,0,0.1
1092,-56.00000000000046,500,0,0.1
1093,-57.200000000000465,500,0,0.1
1094,-56.400000000000446,500,0,0.1
1095,-58.40000000000046,500,0,0.1
1096,-55.60000000000046,500,0,0.1
1097,-56.400000000000475,500,0,0.1
1098,-56.800000000000466,500,0,0.1
1099,-58.400000000000425,500,0,0.1
1100,-56.000000000000476,500,0,0.1
1101,-56.00000000000045,500,0,0.1
1102,-54.400000000000446,500,0,0.1
1103,-57.20000000000045,500,0,0.1
1104,-55.20000000000044,500,0,0.1
1105,-55.20000000000044,500,0,0.1
1106,-56.00000000000045,500,0,0.1
1107,-57.600000000000485,500,0,0.1
1108,-54.40000000000046,500,0,0.1
1109,-55.20000000000047,500,0,0.1
1110,-56.00000000000044,500,0,0.1
1111,-55.60000000000045,500,0,0.1
1112,-55.200000000000436,500,0,0.1
1113,-60.80000000000048,500,0,0.1
1114,-53.600000000000435,500,0,0.1
1115,-57.60000000000045,500,0,0.1
1116,-55.20000000000048,500,0,0.1
1117,-54.40000000000047,500,0,0.1
1118,-53.60000000000047,500,0,0.1
1119,-55.20000000000045,500,0,0.1
1120,-55.200000000000465,500,0,0.1
1121,-54.00000000000047,500,0,0.1
1122,-56.400000000000446,500,0,0.1
1123,-58.000000000000455,500,0,0.1
1124,-55.60000000000047,500,0,0.1
1125,-54.40000000000045,500,0,0.1
1126,-58.80000000000046,500,0,0.1
1127,-58.800000000000445,500,0,0.1
1128,-54.800000000000466,500,0,0.1
1129,-54.00000000000045,500,0,0.1
1130,-53.600000000000435,500,0,0.1
1131,-51.60000000000044,500,0,0.1
1132,-56.800000000000466,500,0,0.1
1133,-54.40000000000047,500,0,0.1
1134,-53.20000000000048,500,0,0.1
1135,-61.600000000000556,500,0,0.1
1136,-52.80000000000046,500,0,0.1
1137,-55.200000000000465,500,0,0.1
1138,-52.800000000000445,500,0,0.1
1139,-52.80000000000048,500,0,0.1
1140,-54.000000000000476,500,0,0.1
1141,-121.60000000000011,500,0,0.1
1142,-54.40000000000044,500,0,0.1
1143,-56.80000000000046,500,0,0.1
1144,-202.79999999999984,500,0,0.1
1145,-59.60000000000045,500,0,0.1
1146,-92.80000000000024,500,0,0.1
1147,-52.400000000000446,500,0,0.1
1148,-54.00000000000046,500,0,0.1
1149,-52.80000000000045,500,0,0.1
1150,-54.8000000000005,500,0,0.1
1151,-54.80000000000047,500,0,0.1
1152,-52.80000000000046,500,0,0.1
1153,-53.60000000000046,500,0,0.1
1154,-54.80000000000046,500,0,0.1
1155,-54.40000000000044,500,0,0.1
1156,-58.800000000000466,500,0,0.1
1157,-56.80000000000044,500,0,0.1
1158,-54.40000000000044,500,0,0.1
1159,-56.00000000000046,500,0,0.1
1160,-55.20000000000048,500,0,0.1
1161,-60.400000000000475,500,0,0.1
1162,-66.00000000000048,500,0,0.1
1163,-101.99999999999942,500,0,0.1
1164,-82.79999999999951,500,0,0.1
1165,-68.40000000000026,500,0,0.1
1166,-51.600000000000435,500,0,0.1
1167,-52.00000000000043,500,0,0.1
1168,-62.80000000000058,500,0,0.1
1169,-53.60000000000045,500,0,0.1
1170,-53.20000000000045,500,0,0.1
1171,-54.00000000000046,500,0,0.1
1172,-54.00000000000044,500,0,0.1
1173,-57.200000000000486,500,0,0.1
1174,-53.60000000000047,500,0,0.1
1175,-54.80000000000046,500,0,0.1
1176,-55.60000000000045,500,0,0.1
1177,-53.20000000000044,500,0,0.1
1178,-63.200000000000415,500,0,0.1
1179,-56.00000000000046,500,0,0.1
1180,-55.20000000000044,500,0,0.1
1181,-54.00000000000046,500,0,0.1
1182,-60.40000000000046,500,0,0.1
1183,-53.600000000000456,500,0,0.1
1184,-54.000000000000455,500,0,0.1
1185,-55.20000000000044,500,0,0.1
1186,-54.80000000000046,500,0,0.1
1187,-55.60000000000046,500,0,0.1
1188,-58.00000000000046,500,0,0.1
1189,-52.80000000000045,500,0,0.1
1190,-54.40000000000044,500,0,0.1
1191,-56.00000000000045,500,0,0.1
1192,-55.60000000000046,500,0,0.1
1193,-53.20000000000045,500,0,0.1
1194,-56.800000000000445,500,0,0.1
1195,-55.60000000000045,500,0,0.1
1196,-53.60000000000046,500,0,0.1
1197,-54.80000000000046,500,0,0.1
1198,-55.60000000000044,500,0,0.1
1199,-54.80000000000045,500,0,0.1
1200,-59.600000000000485,500,0,0.1
1201,-55.200000000000436,500,0,0.1
1202,-54.40000000000044,500,0,0.1
1203,-52.800000000000445,500,0,0.1
1204,-56.000000000000504,500,0,0.1
1205,-54.80000000000044,500,0,0.1
1206,-53.60000000000045,500,0,0.1
1207,-57.20000000000043,500,0,0.1
1208,-59.20000000000046,500,0,0.1
1209,-56.00000000000047,500,0,0.1
1210,-54.40000000000047,500,0,0.1
1211,-53.60000000000047,500,0,0.1
1212,-56.000000000000455,500,0,0.1
1213,-54.00000000000044,500,0,0.1
1214,-54.00000000000045,500,0,0.1
1215,-52.00000000000044,500,0,0.1
1216,-54.80000000000044,500,0,0.1
1217,-54.80000000000044,500,0,0.1
1218,-55.200000000000436,500,0,0.1
1219,-55.60000000000044,500,0,0.1
1220,-54.40000000000044,500,0,0.1
1221,-55.600000000000456,500,0,0.1
1222,-55.20000000000047,500,0,0.1
1223,-55.20000000000047,500,0,0.1
1224,-56.8000000000005,500,0,0.1
1225,-56.80000000000044,500,0,0.1
1226,-59.2000000000005,500,0,0.1
1227,-54.40000000000044,500,0,0.1
1228,-56.80000000000045,500,0,0.1
1229,-57.20000000000045,500,0,0.1
1230,-58.00000000000045,500,0,0.1
1231,-55.20000000000044,500,0,0.1
1232,-56.40000000000045,500,0,0.1
1233,-56.80000000000049,500,0,0.1
1234,-58.000000000000476,500,0,0.1
1235,-55.20000000000044,500,0,0.1
1236,-56.00000000000044,500,0,0.1
1237,-57.60000000000046,500,0,0.1
1238,-55.20000000000046,500,0,0.1
1239,-56.40000000000044,500,0,0.1
1240,-56.80000000000045,500,0,0.1
1241,-56.00000000000047,500,0,0.1
1242,-73.20000000000019,500,0,0.1
1243,-62.000000000000526,500,0,0.1
1244,-52.400000000000446,500,0,0.1
1245,-55.600000000000485,500,0,0.1
1246,-53.200000000000436,500,0,0.1
1247,-57.20000000000043,500,0,0.1
1248,-56.000000000000455,500,0,0.1
1249,-57.600000000000456,500,0,0.1
1250,-56.40000000000045,500,0,0.1
1251,-57.60000000000048,500,0,0.1
1252,-55.600000000000435,500,0,0.1
1253,-88.40000000000015,500,0,0.1
1254,-60.400000000000475,500,0,0.1
1255,-55.60000000000043,500,0,0.1
1256,-54.80000000000045,500,0,0.1
1257,-58.00000000000046,500,0,0.1
1258,-55.600000000000456,500,0,0.1
1259,-59.200000000000436,500,0,0.1
1260,-91.59999999999901,500,0,0.1
1261,-86.39999999999945,500,0,0.1
1262,-55.60000000000044,500,0,0.1
1263,-52.00000000000045,500,0,0.1
1264,-52.40000000000046,500,0,0.1
1265,-54.40000000000046,500,0,0.1
1266,-55.200000000000436,500,0,0.1
1267,-52.400000000000446,500,0,0.1
1268,-53.20000000000046,500,0,0.1
1269,-54.80000000000044,500,0,0.1
1270,-52.000000000000455,500,0,0.1
1271,-54.40000000000046,500,0,0.1
1272,-55.600000000000456,500,0,0.1
1273,-55.200000000000436,500,0,0.1
1274,-54.00000000000045,500,0,0.1
1275,-59.60000000000046,500,0,0.1
1276,-54.40000000000047,500,0,0.1
1277,-54.400000000000446,500,0,0.1
1278,-57.60000000000049,500,0,0.1
1279,-53.20000000000046,500,0,0.1
1280,-55.60000000000047,500,0,0.1
1281,-53.60000000000045,500,0,0.1
1282,-58.00000000000047,500,0,0.1
1283,-60.40000000000047,500,0,0.1
1284,-55.60000000000048,500,0,0.1
1285,-54.00000000000044,500,0,0.1
1286,-58.00000000000045,500,0,0.1
1287,-56.800000000000466,500,0,0.1
1288,-55.600000000000456,500,0,0.1
1289,-52.80000000000043,500,0,0.1
1290,-59.600000000000485,500,0,0.1
1291,-54.80000000000045,500,0,0.1
1292,-56.40000000000049,500,0,0.1
1293,-90.40000000000025,500,0,0.1
1294,-54.40000000000045,500,0,0.1
1295,-55.60000000000043,500,0,0.1
1296,-59.20000000000045,500,0,0.1
1297,-55.60000000000045,500,0,0.1
1298,-56.80000000000043,500,0,0.1
1299,-54.00000000000044,500,0,0.1
1300,-54.800000000000466,500,0,0.1
1301,-56.80000000000046,500,0,0.1
1302,-56.80000000000046,500,0,0.1
1303,-55.200000000000465,500,0,0.1
1304,-56.000000000000455,500,0,0.1
1305,-54.00000000000044,500,0,0.1
1306,-55.60000000000044,500,0,0.1
1307,-56.00000000000044,500,0,0.1
1308,-63.600000000000456,500,0,0.1
1309,-53.60000000000044,500,0,0.1
1310,-52.800000000000445,500,0,0.1
1311,-66.40000000000043,500,0,0.1
1312,-56.40000000000043,500,0,0.1
1313,-55.600000000000456,500,0,0.1
1314,-54.400000000000475,500,0,0.1
1315,-55.60000000000044,500,0,0.1
1316,-51.60000000000044,500,0,0.1
1317,-55.20000000000046,500,0,0.1
1318,-54.40000000000047,500,0,0.1
1319,-55.20000000000046,500,0,0.1
1320,-55.20000000000044,500,0,0.1
1321,-53.600000000000435,500,0,0.1
1322,-53.60000000000046,500,0,0.1
1323,-54.80000000000048,500,0,0.1
1324,-52.80000000000046,500,0,0.1
1325,-57.20000000000044,500,0,0.1
1326,-56.40000000000043,500,0,0.1
1327,-53.60000000000045,500,0,0.1
1328,-55.60000000000045,500,0,0.1
1329,-59.200000000000436,500,0,0.1
1330,-55.20000000000044,500,0,0.1
1331,-57.20000000000046,500,0,0.1
1332,-54.40000000000045,500,0,0.1
1333,-56.40000000000047,500,0,0.1
1334,-54.800000000000445,500,0,0.1
1335,-56.80000000000046,500,0,0.1
1336,-55.200000000000465,500,0,0.1
1337,-56.80000000000046,500,0,0.1
1338,-56.40000000000045,500,0,0.1
1339,-55.60000000000044,500,0,0.1
1340,-56.40000000000046,500,0,0.1
1341,-56.00000000000046,500,0,0.1
1342,-54.40000000000046,500,0,0.1
1343,-56.800000000000445,500,0,0.1
1344,-57.600000000000456,500,0,0.1
1345,-54.40000000000045,500,0,0.1
1346,-53.200000000000465,500,0,0.1
1347,-56.000000000000476,500,0,0.1
1348,-54.800000000000466,500,0,0.1
1349,-56.40000000000046,500,0,0.1
1350,-54.00000000000045,500,0,0.1
1351,-70.80000000000001,500,0,0.1
1352,-55.200000000000436,500,0,0.1
1353,-55.200000000000465,500,0,0.1
1354,-55.60000000000046,500,0,0.1
1355,-54.80000000000045,500,0,0.1
1356,-52.80000000000044,500,0,0.1
1357,-54.00000000000046,500,0,0.1
1358,-54.40000000000045,500,0,0.1
1359,-58.800000000000495,500,0,0.1
1360,-55.20000000000046,500,0,0.1
1361,-55.60000000000046,500,0,0.1
1362,-53.600000000000456,500,0,0.1
1363,-55.20000000000046,500,0,0.1
1364,-57.600000000000435,500,0,0.1
1365,-55.20000000000046,500,0,0.1
1366,-52.40000000000046,500,0,0.1
1367,-55.600000000000485,500,0,0.1
1368,-55.20000000000046,500,0,0.1
1369,-55.600000000000435,500,0,0.1
1370,-59.20000000000046,500,0,0.1
1371,-58.000000000000455,500,0,0.1
1372,-55.200000000000465,500,0,0.1
1373,-56.400000000000446,500,0,0.1
1374,-54.80000000000044,500,0,0.1
1375,-54.40000000000046,500,0,0.1
1376,-54.40000000000045,500,0,0.1
1377,-57.20000000000047,500,0,0.1
1378,-54.00000000000046,500,0,0.1
1379,-52.800000000000445,500,0,0.1
1380,-58.80000000000046,500,0,0.1
1381,-57.60000000000048,500,0,0.1
1382,-56.80000000000046,500,0,0.1
1383,-56.00000000000042,500,0,0.1
1384,-56.80000000000045,500,0,0.1
1385,-73.99999999999987,500,0,0.1
1386,-54.80000000000045,500,0,0.1
1387,-54.000000000000455,500,0,0.1
1388,-54.40000000000047,500,0,0.1
1389,-56.00000000000044,500,0,0.1
1390,-70.8,500,0,0.1
1391,-55.600000000000435,500,0,0.1
1392,-59.20000000000045,500,0,0.1
1393,-55.60000000000047,500,0,0.1
1394,-56.00000000000046,500,0,0.1
1395,-56.40000000000044,500,0,0.1
1396,-58.40000000000046,500,0,0.1
1397,-54.40000000000044,500,0,0.1
1398,-60.40000000000045,500,0,0.1
1399,-55.600000000000456,500,0,0.1
1400,-54.40000000000044,500,0,0.1
1401,-54.40000000000047,500,0,0.1
1402,-53.20000000000046,500,0,0.1
1403,-76.39999999999961,500,0,0.1
1404,-54.40000000000045,500,0,0.1
1405,-56.400000000000446,500,0,0.1
1406,-58.80000000000049,500,0,0.1
1407,-56.000000000000455,500,0,0.1
1408,-56.00000000000046,500,0,0.1
1409,-66.00000000000027,500,0,0.1
1410,-57.60000000000048,500,0,0.1
1411,-56.800000000000445,500,0,0.1
1412,-55.600000000000456,500,0,0.1
1413,-53.200000000000436,500,0,0.1
1414,-54.40000000000046,500,0,0.1
1415,-60.800000000000544,500,0,0.1
1416,-66.80000000000025,500,0,0.1
1417,-56.80000000000047,500,0,0.1
1418,-52.00000000000044,500,0,0.1
1419,-61.20000000000046,500,0,0.1
1420,-56.80000000000046,500,0,0.1
1421,-57.20000000000048,500,0,0.1
1422,-52.40000000000044,500,0,0.1
1423,-54.400000000000446,500,0,0.1
1424,-54.40000000000045,500,0,0.1
1425,-56.00000000000046,500,0,0.1
1426,-55.60000000000043,500,0,0.1
1427,-56.40000000000043,500,0,0.1
1428,-56.00000000000046,500,0,0.1
1429,-54.40000000000047,500,0,0.1
1430,-55.600000000000456,500,0,0.1
1431,-56.40000000000049,500,0,0.1
1432,-55.20000000000047,500,0,0.1
1433,-52.00000000000044,500,0,0.1
1434,-54.00000000000045,500,0,0.1
1435,-53.20000000000044,500,0,0.1
1436,-55.20000000000048,500,0,0.1
1437,-56.400000000000446,500,0,0.1
1438,-56.40000000000045,500,0,0.1
1439,-55.60000000000046,500,0,0.1
1440,-54.00000000000045,500,0,0.1
1441,-53.20000000000043,500,0,0.1
1442,-54.00000000000047,500,0,0.1
1443,-54.00000000000045,500,0,0.1
1444,-54.80000000000045,500,0,0.1
1445,-53.20000000000046,500,0,0.1
1446,-56.80000000000046,500,0,0.1
1447,-54.80000000000045,500,0,0.1
1448,-53.600000000000435,500,0,0.1
1449,-58.00000000000046,500,0,0.1
1450,-56.40000000000043,500,0,0.1
1451,-56.000000000000455,500,0,0.1
1452,-60.80000000000046,500,0,0.1
1453,-53.20000000000045,500,0,0.1
1454,-54.40000000000049,500,0,0.1
1455,-68.40000000000013,500,0,0.1
1456,-56.80000000000044,500,0,0.1
1457,-54.80000000000045,500,0,0.1
1458,-60.80000000000049,500,0,0.1
1459,-54.00000000000045,500,0,0.1
1460,-58.000000000000455,500,0,0.1
1461,-57.20000000000045,500,0,0.1
1462,-53.60000000000046,500,0,0.1
1463,-56.40000000000047,500,0,0.1
1464,-56.80000000000046,500,0,0.1
1465,-56.000000000000455,500,0,0.1
1466,-55.200000000000465,500,0,0.1
1467,-58.00000000000045,500,0,0.1
1468,-55.60000000000047,500,0,0.1
1469,-56.00000000000047,500,0,0.1
1470,-57.20000000000045,500,0,0.1
1471,-58.40000000000045,500,0,0.1
1472,-54.40000000000047,500,0,0.1
1473,-56.80000000000045,500,0,0.1
1474,-56.400000000000425,500,0,0.1
1475,-56.80000000000046,500,0,0.1
1476,-57.60000000000046,500,0,0.1
1477,-56.00000000000048,500,0,0.1
1478,-56.800000000000445,500,0,0.1
1479,-56.800000000000445,500,0,0.1
1480,-56.80000000000046,500,0,0.1
1481,-54.40000000000047,500,0,0.1
1482,-58.000000000000426,500,0,0.1
1483,-54.800000000000466,500,0,0.1
1484,-54.800000000000445,500,0,0.1
1485,-53.600000000000435,500,0,0.1
1486,-56.000000000000476,500,0,0.1
1487,-54.00000000000047,500,0,0.1
1488,-55.60000000000045,500,0,0.1
1489,-54.80000000000044,500,0,0.1
1490,-58.40000000000044,500,0,0.1
1491,-55.20000000000045,500,0,0.1
1492,-54.40000000000044,500,0,0.1
1493,-56.00000000000046,500,0,0.1
1494,-57.60000000000046,500,0,0.1
1495,-56.40000000000046,500,0,0.1
1496,-56.00000000000045,500,0,0.1
1497,-57.60000000000046,500,0,0.1
1498,-58.40000000000046,500,0,0.1
1499,-53.600000000000435,500,0,0.1
1500,-57.20000000000046,500,0,0.1
1501,-56.800000000000445,500,0,0.1
1502,-58.40000000000047,500,0,0.1
1503,-57.60000000000045,500,0,0.1
1504,-58.000000000000455,500,0,0.1
1505,-81.9999999999994,500,0,0.1
1506,-57.20000000000044,500,0,0.1
1507,-52.800000000000445,500,0,0.1
1508,-57.20000000000047,500,0,0.1
1509,-58.00000000000047,500,0,0.1
1510,-55.60000000000045,500,0,0.1
1511,-55.200000000000436,500,0,0.1
1512,-53.60000000000043,500,0,0.1
1513,-57.60000000000048,500,0,0.1
1514,-56.80000000000044,500,0,0.1
1515,-78.40000000000033,500,0,0.1
1516,-84.79999999999922,500,0,0.1
1517,-54.40000000000045,500,0,0.1
1518,-66.00000000000028,500,0,0.1
1519,-59.60000000000045,500,0,0.1
1520,-57.60000000000046,500,0,0.1
1521,-74.79999999999986,500,0,0.1
1522,-62.000000000000455,500,0,0.1
1523,-54.80000000000045,500,0,0.1
1524,-23.80000000000019,315,1,0.1
1525,-42.30000000000035,440,1,0.1
1526,-54.80000000000048,500,0,0.1
1527,-76.4999999999992,462,1,0.1
1528,-58.40000000000045,500,0,0.1
1529,-57.20000000000046,500,0,0.1
1530,-56.40000000000047,500,0,0.1
1531,-54.40000000000043,500,0,0.1
1532,-54.40000000000046,500,0,0.1
1533,-54.800000000000445,500,0,0.1
1534,-54.40000000000044,500,0,0.1
1535,-55.60000000000044,500,0,0.1
1536,-55.60000000000048,500,0,0.1
1537,-56.80000000000046,500,0,0.1
1538,-53.20000000000044,500,0,0.1
1539,-54.80000000000047,500,0,0.1
1540,-54.40000000000043,500,0,0.1
1541,-53.20000000000047,500,0,0.1
1542,-53.60000000000045,500,0,0.1
1543,-53.600000000000435,500,0,0.1
1544,-51.60000000000045,500,0,0.1
1545,-52.800000000000445,500,0,0.1
1546,-54.40000000000046,500,0,0.1
1547,-55.20000000000045,500,0,0.1
1548,-55.200000000000465,500,0,0.1
1549,-56.400000000000425,500,0,0.1
1550,-55.20000000000043,500,0,0.1
1551,-54.00000000000045,500,0,0.1
1552,-50.40000000000044,500,0,0.1
1553,-53.60000000000045,500,0,0.1
1554,-56.400000000000446,500,0,0.1
1555,-52.800000000000445,500,0,0.1
1556,-84.3999999999998,500,0,0.1
1557,-56.40000000000047,500,0,0.1
1558,-53.20000000000045,500,0,0.1
1559,-55.60000000000048,500,0,0.1
1560,-52.40000000000043,500,0,0.1
1561,-52.000000000000455,500,0,0.1
1562,-66.80000000000021,500,0,0.1
1563,-89.99999999999899,500,0,0.1
1564,-53.20000000000047,500,0,0.1
1565,-61.60000000000055,500,0,0.1
1566,-56.40000000000045,500,0,0.1
1567,-56.80000000000046,500,0,0.1
1568,-56.80000000000044,500,0,0.1
1569,-56.40000000000045,500,0,0.1
1570,-55.20000000000044,500,0,0.1
1571,-64.80000000000038,500,0,0.1
1572,-53.200000000000436,500,0,0.1
1573,-55.600000000000435,500,0,0.1
1574,-57.20000000000045,500,0,0.1
1575,-55.60000000000045,500,0,0.1
1576,-58.40000000000045,500,0,0.1
1577,-56.00000000000046,500,0,0.1
1578,-54.00000000000043,500,0,0.1
1579,-55.600000000000456,500,0,0.1
1580,-56.40000000000043,500,0,0.1
1581,-107.60000000000026,500,0,0.1
1582,-56.40000000000045,500,0,0.1
1583,-56.80000000000047,500,0,0.1
1584,-58.00000000000046,500,0,0.1
1585,-58.40000000000046,500,0,0.1
1586,-62.800000000000416,500,0,0.1
1587,-55.200000000000465,500,0,0.1
1588,-57.60000000000046,500,0,0.1
1589,-52.80000000000046,500,0,0.1
1590,-53.600000000000456,500,0,0.1
1591,-56.00000000000045,500,0,0.1
1592,-56.00000000000045,500,0,0.1
1593,-57.200000000000465,500,0,0.1
1594,-56.00000000000043,500,0,0.1
1595,-56.00000000000046,500,0,0.1
1596,-54.40000000000047,500,0,0.1
1597,-54.80000000000044,500,0,0.1
1598,-55.20000000000048,500,0,0.1
1599,-57.20000000000046,500,0,0.1
1600,-55.20000000000046,500,0,0.1
1601,-55.600000000000456,500,0,0.1
1602,-59.20000000000045,500,0,0.1
1603,-57.600000000000456,500,0,0.1
1604,-57.200000000000436,500,0,0.1
1605,-66.40000000000036,500,0,0.1
1606,-57.60000000000046,500,0,0.1
1607,-56.80000000000045,500,0,0.1
1608,-56.400000000000446,500,0,0.1
1609,-57.60000000000043,500,0,0.1
1610,-56.00000000000045,500,0,0.1
1611,-54.80000000000047,500,0,0.1
1612,-54.80000000000043,500,0,0.1
1613,-55.20000000000044,500,0,0.1
1614,-54.000000000000455,500,0,0.1
1615,-53.60000000000045,500,0,0.1
1616,-54.400000000000425,500,0,0.1
1617,-53.60000000000045,500,0,0.1
1618,-53.600000000000456,500,0,0.1
1619,-54.40000000000045,500,0,0.1
1620,-54.00000000000046,500,0,0.1
1621,-66.80000000000021,500,0,0.1
1622,-52.800000000000445,500,0,0.1
1623,-56.00000000000047,500,0,0.1
1624,-55.20000000000049,500,0,0.1
1625,-52.800000000000445,500,0,0.1
1626,-54.00000000000046,500,0,0.1
1627,-54.40000000000043,500,0,0.1
1628,-54.00000000000046,500,0,0.1
1629,-55.60000000000045,500,0,0.1
1630,-55.600000000000456,500,0,0.1
1631,-56.000000000000455,500,0,0.1
1632,-56.000000000000455,500,0,0.1
1633,-53.600000000000435,500,0,0.1
1634,-54.00000000000047,500,0,0.1
1635,-56.80000000000047,500,0,0.1
1636,-55.20000000000046,500,0,0.1
1637,-56.80000000000046,500,0,0.1
1638,-52.40000000000046,500,0,0.1
1639,-56.80000000000046,500,0,0.1
1640,-54.00000000000044,500,0,0.1
1641,-54.80000000000046,500,0,0.1
1642,-58.80000000000046,500,0,0.1
1643,-56.40000000000044,500,0,0.1
1644,-58.00000000000048,500,0,0.1
1645,-58.00000000000046,500,0,0.1
1646,-55.200000000000436,500,0,0.1
1647,-56.80000000000045,500,0,0.1
1648,-54.40000000000046,500,0,0.1
1649,-55.60000000000046,500,0,0.1
1650,-54.00000000000044,500,0,0.1
1651,-52.800000000000445,500,0,0.1
1652,-54.40000000000043,500,0,0.1
1653,-54.80000000000045,500,0,0.1
1654,-55.200000000000465,500,0,0.1
1655,-56.40000000000046,500,0,0.1
1656,-53.200000000000465,500,0,0.1
1657,-57.60000000000045,500,0,0.1
1658,-56.40000000000045,500,0,0.1
1659,-60.00000000000049,500,0,0.1
1660,-56.40000000000046,500,0,0.1
1661,-56.80000000000048,500,0,0.1
1662,-56.40000000000047,500,0,0.1
1663,-55.600000000000456,500,0,0.1
1664,-54.40000000000047,500,0,0.1
1665,-55.200000000000436,500,0,0.1
1666,-64.80000000000038,500,0,0.1
1667,-71.60000000000015,500,0,0.1
1668,-58.40000000000046,500,0,0.1
1669,-69.20000000000029,500,0,0.1
1670,-55.20000000000047,500,0,0.1
1671,-56.00000000000044,500,0,0.1
1672,-56.400000000000446,500,0,0.1
1673,-53.600000000000435,500,0,0.1
1674,-52.80000000000046,500,0,0.1
1675,-56.80000000000047,500,0,0.1
1676,-56.40000000000047,500,0,0.1
1677,-56.800000000000466,500,0,0.1
1678,-52.800000000000466,500,0,0.1
1679,-56.800000000000445,500,0,0.1
1680,-58.000000000000455,500,0,0.1
1681,-57.20000000000043,500,0,0.1
1682,-56.00000000000047,500,0,0.1
1683,-56.80000000000048,500,0,0.1
1684,-56.00000000000046,500,0,0.1
1685,-56.000000000000455,500,0,0.1
1686,-57.200000000000465,500,0,0.1
1687,-55.60000000000046,500,0,0.1
1688,-16.20000000000006,219,1,0.1
1689,-112.79999999999909,500,0,0.1
1690,-55.600000000000456,500,0,0.1
1691,-56.80000000000046,500,0,0.1
1692,-58.80000000000049,500,0,0.1
1693,-57.60000000000044,500,0,0.1
1694,-58.400000000000446,500,0,0.1
1695,-57.20000000000048,500,0,0.1
1696,-54.00000000000043,500,0,0.1
1697,-54.80000000000045,500,0,0.1
1698,-52.80000000000045,500,0,0.1
1699,-54.80000000000045,500,0,0.1
1700,-51.60000000000045,500,0,0.1
1701,-51.600000000000456,500,0,0.1
1702,-55.20000000000045,500,0,0.1
1703,-53.60000000000044,500,0,0.1
1704,-52.40000000000047,500,0,0.1
1705,-57.20000000000047,500,0,0.1
1706,-52.00000000000044,500,0,0.1
1707,-56.800000000000466,500,0,0.1
1708,-56.800000000000466,500,0,0.1
1709,-54.00000000000044,500,0,0.1
1710,-54.80000000000045,500,0,0.1
1711,-54.800000000000445,500,0,0.1
1712,-59.20000000000046,500,0,0.1
1713,-57.60000000000046,500,0,0.1
1714,-58.80000000000048,500,0,0.1
1715,-54.800000000000466,500,0,0.1
1716,-56.800000000000445,500,0,0.1
1717,-54.00000000000046,500,0,0.1
1718,-56.80000000000046,500,0,0.1
1719,-56.00000000000046,500,0,0.1
1720,-55.200000000000465,500,0,0.1
1721,-56.00000000000045,500,0,0.1
1722,-56.000000000000455,500,0,0.1
1723,-48.10000000000018,242,1,0.1
1724,-76.39999999999962,500,0,0.1
1725,-53.000000000000256,319,1,0.1
1726,-62.00000000000046,500,0,0.1
1727,-8.399999999999988,149,1,0.1
1728,-21.800000000000022,95,1,0.1
1729,2.4000000000000075,69,1,0.1
1730,-28.80000000000021,325,1,0.1
1731,-13.000000000000046,199,1,0.1
1732,-17.7000000000001,238,1,0.1
1733,-34.50000000000028,354,1,0.1
1734,-2.799999999999976,113,1,0.1
1735,-60.100000000000264,498,1,0.1
1736,-35.5000000000003,324,1,0.1
1737,-104.39999999999819,500,0,0.1
1738,-55.20000000000045,500,0,0.1
1739,-58.00000000000047,500,0,0.1
1740,-55.20000000000045,500,0,0.1
1741,-53.20000000000044,500,0,0.1
1742,-55.10000000000012,336,1,0.1
1743,-44.3000000000001,184,1,0.1
1744,-214.39999999999995,500,0,0.1
1745,-52.00000000000045,500,0,0.1
1746,-50.80000000000045,500,0,0.1
1747,-54.00000000000044,500,0,0.1
1748,-62.800000000000416,500,0,0.1
1749,-55.100000000000364,484,1,0.1
1750,-52.000000000000455,500,0,0.1
1751,-59.60000000000041,500,0,0.1
1752,-95.6999999999999,270,1,0.1
1753,-53.60000000000044,500,0,0.1
1754,-53.60000000000045,500,0,0.1
1755,-52.40000000000044,500,0,0.1
1756,-54.400000000000475,500,0,0.1
1757,-51.60000000000045,500,0,0.1
1758,-54.00000000000046,500,0,0.1
1759,-54.800000000000445,500,0,0.1
1760,-55.200000000000465,500,0,0.1
1761,-52.80000000000043,500,0,0.1
1762,-52.800000000000466,500,0,0.1
1763,-54.00000000000044,500,0,0.1
1764,-54.80000000000046,500,0,0.1
1765,-59.20000000000044,500,0,0.1
1766,-186.7999999999995,500,0,0.1
1767,-62.40000000000045,500,0,0.1
1768,-59.600000000000456,500,0,0.1
1769,-56.000000000000455,500,0,0.1
1770,-59.20000000000046,500,0,0.1
1771,-56.00000000000047,500,0,0.1
1772,-56.800000000000445,500,0,0.1
1773,-57.20000000000044,500,0,0.1
1774,-53.60000000000045,500,0,0.1
1775,-57.20000000000049,500,0,0.1
1776,-56.00000000000046,500,0,0.1
1777,-54.400000000000446,500,0,0.1
1778,-54.00000000000048,500,0,0.1
1779,-56.00000000000046,500,0,0.1
1780,-56.00000000000047,500,0,0.1
1781,-54.40000000000045,500,0,0.1
1782,-54.80000000000044,500,0,0.1
1783,-54.00000000000045,500,0,0.1
1784,-55.20000000000046,500,0,0.1
1785,-55.60000000000045,500,0,0.1
1786,-53.600000000000435,500,0,0.1
1787,-54.40000000000045,500,0,0.1
1788,-56.00000000000044,500,0,0.1
1789,-56.00000000000045,500,0,0.1
1790,-56.00000000000047,500,0,0.1
1791,-56.400000000000446,500,0,0.1
1792,-53.60000000000044,500,0,0.1
1793,-56.80000000000049,500,0,0.1
1794,-57.20000000000046,500,0,0.1
1795,-94.79999999999932,500,0,0.1
1796,-55.20000000000046,500,0,0.1
1797,-56.400000000000496,500,0,0.1
1798,-54.80000000000045,500,0,0.1
1799,-57.600000000000456,500,0,0.1
1800,-60.400000000000425,500,0,0.1
1801,-53.60000000000044,500,0,0.1
1802,-56.40000000000043,500,0,0.1
1803,-56.00000000000043,500,0,0.1
1804,-53.60000000000044,500,0,0.1
1805,-164.79999999999967,500,0,0.1
1806,-54.40000000000045,500,0,0.1
1807,-57.600000000000435,500,0,0.1
1808,-56.40000000000045,500,0,0.1
1809,-55.20000000000047,500,0,0.1
1810,-53.60000000000048,500,0,0.1
1811,-55.20000000000046,500,0,0.1
1812,-60.40000000000053,500,0,0.1
1813,-52.40000000000045,500,0,0.1
1814,-52.00000000000045,500,0,0.1
1815,-55.20000000000047,500,0,0.1
1816,-52.80000000000045,500,0,0.1
1817,-57.200000000000436,500,0,0.1
1818,-56.000000000000455,500,0,0.1
1819,-59.20000000000049,500,0,0.1
1820,-52.80000000000044,500,0,0.1
1821,-50.80000000000045,500,0,0.1
1822,-54.40000000000046,500,0,0.1
1823,-55.60000000000047,500,0,0.1
1824,-58.00000000000045,500,0,0.1
1825,-58.400000000000425,500,0,0.1
1826,-54.000000000000455,500,0,0.1
1827,-52.80000000000044,500,0,0.1
1828,-19.800000000000143,263,1,0.1
1829,-53.60000000000044,500,0,0.1
1830,0.5000000000000089,72,1,0.1
1831,-24.999999999999993,111,1,0.1
1832,0.20000000000001172,75,1,0.1
1833,-52.40000000000044,500,0,0.1
1834,-6.399999999999967,157,1,0.1
1835,-1.1999999999999833,93,1,0.1
1836,3.1000000000000085,70,1,0.1
1837,6.999999999999998,31,1,0.1
1838,4.600000000000001,51,1,0.1
1839,4.700000000000004,46,1,0.1
1840,2.20000000000001,59,1,0.1
1841,-1.1999999999999833,93,1,0.1
1842,2.7000000000000064,66,1,0.1
1843,5.7,36,1,0.1
1844,5.199999999999999,41,1,0.1
1845,6.299999999999998,38,1,0.1
1846,-2.199999999999976,115,1,0.1
1847,6.1999999999999975,39,1,0.1
1848,5.100000000000001,46,1,0.1
1849,5.799999999999999,43,1,0.1
1850,8.0,21,1,0.1
1851,0.9000000000000075,64,1,0.1
1852,0.700000000000017,90,1,0.1
1853,-37.60000000000033,413,1,0.1
1854,-0.19999999999998153,95,1,0.1
1855,6.099999999999998,32,1,0.1
1856,7.299999999999999,28,1,0.1
1857,6.399999999999999,25,1,0.1
1858,3.4000000000000057,55,1,0.1
1859,8.0,21,1,0.1
1860,1.700000000000001,48,1,0.1
1861,-32.399999999999984,205,1,0.1
1862,5.1,26,1,0.1
1863,7.8999999999999995,22,1,0.1
1864,-58.400000000000496,500,0,0.1
1865,8.0,21,1,0.1
1866,6.799999999999999,29,1,0.1
1867,6.799999999999999,33,1,0.1
1868,-1.0,59,1,0.1
1869,7.6,25,1,0.1
1870,6.799999999999999,25,1,0.1
1871,4.200000000000006,39,1,0.1
1872,7.199999999999999,29,1,0.1
1873,6.999999999999998,23,1,0.1
1874,5.1000000000000005,38,1,0.1
1875,6.999999999999998,23,1,0.1
1876,3.100000000000006,58,1,0.1
1877,7.5,22,1,0.1
1878,4.0000000000000036,49,1,0.1
1879,1.7000000000000117,76,1,0.1
1880,6.299999999999999,34,1,0.1
1881,7.499999999999999,22,1,0.1
1882,5.899999999999998,38,1,0.1
1883,-1.0999999999999872,88,1,0.1
1884,-10.400000000000027,161,1,0.1
1885,-13.000000000000064,167,1,0.1
1886,5.400000000000001,35,1,0.1
1887,-7.999999999999972,133,1,0.1
1888,7.0,23,1,0.1
1889,6.999999999999999,27,1,0.1
1890,3.5,30,1,0.1
1891,-8.5,62,1,0.1
1892,1.8000000000000114,71,1,0.1
1893,1.4000000000000092,71,1,0.1
1894,6.099999999999998,36,1,0.1
1895,7.299999999999999,28,1,0.1
1896,8.0,21,1,0.1
1897,-3.699999999999987,94,1,0.1
1898,-6.0,69,1,0.1
1899,-5.799999999999999,55,1,0.1
1900,7.299999999999999,24,1,0.1
1901,5.8999999999999995,34,1,0.1
1902,1.8000000000000043,35,1,0.1
1903,6.999999999999998,27,1,0.1
1904,6.899999999999999,24,1,0.1
1905,7.499999999999999,22,1,0.1
1906,6.299999999999999,26,1,0.1
1907,4.3000000000000025,50,1,0.1
1908,4.8000000000000025,53,1,0.1
1909,8.1,20,1,0.1
1910,7.299999999999999,24,1,0.1
1911,6.399999999999999,37,1,0.1
1912,7.299999999999999,24,1,0.1
1913,6.699999999999998,26,1,0.1
1914,7.299999999999999,28,1,0.1
1915,-0.19999999999998685,79,1,0.1
1916,2.3000000000000025,38,1,0.1
1917,-1.399999999999995,51,1,0.1
1918,6.899999999999999,24,1,0.1
1919,6.699999999999999,26,1,0.1
1920,7.299999999999999,24,1,0.1
1921,-58.000000000000455,500,0,0.1
1922,7.8999999999999995,22,1,0.1
1923,-27.200000000000003,97,1,0.1
1924,7.199999999999999,25,1,0.1
1925,7.799999999999999,23,1,0.1
1926,8.1,20,1,0.1
1927,7.6,21,1,0.1
1928,7.299999999999999,24,1,0.1
1929,7.599999999999999,21,1,0.1
1930,7.1,26,1,0.1
1931,6.899999999999999,24,1,0.1
1932,7.399999999999999,23,1,0.1
1933,7.799999999999999,23,1,0.1
1934,6.799999999999999,25,1,0.1
1935,7.499999999999999,22,1,0.1
1936,3.1000000000000094,54,1,0.1
1937,7.799999999999999,23,1,0.1
1938,7.399999999999999,23,1,0.1
1939,7.1,22,1,0.1
1940,7.6,21,1,0.1
1941,7.8999999999999995,22,1,0.1
1942,-2.4999999999999964,46,1,0.1
1943,0.1000000000000103,68,1,0.1
1944,7.299999999999999,28,1,0.1
1945,7.5,22,1,0.1
1946,8.1,20,1,0.1
1947,7.799999999999999,23,1,0.1
1948,6.299999999999999,30,1,0.1
1949,6.899999999999999,24,1,0.1
1950,7.3999999999999995,23,1,0.1
1951,4.900000000000001,32,1,0.1
1952,7.1,26,1,0.1
1953,6.599999999999999,27,1,0.1
1954,7.399999999999999,23,1,0.1
1955,8.1,20,1,0.1
1956,6.699999999999999,26,1,0.1
1957,7.8999999999999995,22,1,0.1
1958,6.699999999999999,26,1,0.1
1959,8.0,21,1,0.1
1960,7.699999999999999,24,1,0.1
1961,6.399999999999999,25,1,0.1
1962,6.799999999999999,25,1,0.1
1963,6.699999999999999,26,1,0.1
1964,5.2,29,1,0.1
1965,7.8999999999999995,22,1,0.1
1966,6.1,28,1,0.1
1967,7.499999999999999,26,1,0.1
1968,-21.10000000000001,88,1,0.1
1969,8.1,20,1,0.1
1970,7.399999999999999,23,1,0.1
1971,8.1,20,1,0.1
1972,7.6,21,1,0.1
1973,6.8999999999999995,24,1,0.1
1974,7.199999999999999,25,1,0.1
1975,6.799999999999999,25,1,0.1
1976,7.8999999999999995,22,1,0.1
1977,3.6000000000000005,37,1,0.1
1978,8.1,20,1,0.1
1979,7.299999999999999,24,1,0.1
1980,4.699999999999999,30,1,0.1
1981,6.799999999999999,29,1,0.1
1982,7.499999999999999,22,1,0.1
1983,8.1,20,1,0.1
1984,7.299999999999999,24,1,0.1
1985,8.1,20,1,0.1
1986,6.099999999999999,28,1,0.1
1987,5.799999999999999,31,1,0.1
1988,8.0,21,1,0.1
1989,7.299999999999999,24,1,0.1
1990,6.299999999999999,26,1,0.1
1991,5.8,27,1,0.1
1992,7.6,21,1,0.1
1993,7.299999999999999,28,1,0.1
1994,7.299999999999999,24,1,0.1
1995,7.099999999999999,22,1,0.1
1996,6.999999999999998,27,1,0.1
1997,6.8999999999999995,24,1,0.1
1998,8.0,21,1,0.1
1999,7.6,21,1,0.1
2000,6.899999999999999,24,1,0.1
2001,7.799999999999999,23,1,0.1
2002,7.799999999999999,23,1,0.1
2003,0.6999999999999993,38,1,0.1
2004,0.6000000000000014,43,1,0.1
2005,5.6,25,1,0.1
2006,8.0,21,1,0.1
2007,7.6,21,1,0.1
2008,7.3999999999999995,23,1,0.1
2009,7.499999999999999,26,1,0.1
2010,7.399999999999999,23,1,0.1
2011,6.499999999999998,28,1,0.1
2012,7.1,26,1,0.1
2013,-0.8999999999999932,42,1,0.1
2014,4.500000000000001,28,1,0.1
2015,6.299999999999999,26,1,0.1
2016,8.1,20,1,0.1
2017,7.599999999999999,21,1,0.1
2018,8.0,21,1,0.1
2019,7.099999999999999,22,1,0.1
2020,7.1,22,1,0.1
2021,7.8999999999999995,22,1,0.1
2022,7.399999999999999,23,1,0.1
2023,7.699999999999999,24,1,0.1
2024,7.3999999999999995,23,1,0.1
2025,7.799999999999999,23,1,0.1
2026,7.599999999999999,21,1,0.1
2027,5.999999999999999,25,1,0.1
2028,7.6,21,1,0.1
2029,7.6,21,1,0.1
2030,7.8999999999999995,22,1,0.1
2031,6.799999999999999,25,1,0.1
2032,5.100000000000001,30,1,0.1
2033,7.499999999999999,22,1,0.1
2034,7.699999999999999,24,1,0.1
2035,7.8999999999999995,22,1,0.1
2036,7.6,21,1,0.1
2037,7.6,21,1,0.1
2038,8.1,20,1,0.1
2039,6.799999999999999,25,1,0.1
2040,7.8999999999999995,22,1,0.1
2041,5.300000000000001,28,1,0.1
2042,7.1,22,1,0.1
2043,7.199999999999999,25,1,0.1
2044,-8.100000000000023,62,1,0.1
2045,7.8999999999999995,22,1,0.1
2046,7.199999999999999,29,1,0.1
2047,7.499999999999999,26,1,0.1
2048,8.1,20,1,0.1
2049,7.499999999999999,22,1,0.1
2050,6.899999999999999,24,1,0.1
2051,-18.1,74,1,0.1
2052,5.4,31,1,0.1
2053,6.899999999999999,24,1,0.1
2054,7.1,22,1,0.1
2055,7.6,21,1,0.1
2056,6.999999999999999,23,1,0.1
2057,8.1,20,1,0.1
2058,7.8999999999999995,22,1,0.1
2059,8.0,21,1,0.1
2060,6.799999999999999,25,1,0.1
2061,6.799999999999999,25,1,0.1
2062,7.499999999999999,22,1,0.1
2063,-96.3999999999989,500,0,0.1
2064,6.399999999999999,25,1,0.1
2065,7.3999999999999995,23,1,0.1
2066,-2.5999999999999996,43,1,0.1
2067,7.6,21,1,0.1
2068,6.999999999999999,27,1,0.1
2069,7.199999999999999,25,1,0.1
2070,8.1,20,1,0.1
2071,-229.59999999999985,500,0,0.1
2072,7.499999999999998,22,1,0.1
2073,8.0,21,1,0.1
2074,7.099999999999998,22,1,0.1
2075,1.9000000000000004,38,1,0.1
2076,7.299999999999999,24,1,0.1
2077,7.299999999999999,24,1,0.1
2078,7.8999999999999995,22,1,0.1
2079,0.20000000000000107,43,1,0.1
2080,7.399999999999999,27,1,0.1
2081,8.0,21,1,0.1
2082,7.6,21,1,0.1
2083,8.1,20,1,0.1
2084,7.099999999999999,22,1,0.1
2085,6.799999999999999,25,1,0.1
2086,5.599999999999999,29,1,0.1
2087,8.0,21,1,0.1
2088,8.0,21,1,0.1
2089,6.699999999999999,26,1,0.1
2090,-0.09999999999999609,38,1,0.1
2091,7.1,22,1,0.1
2092,7.099999999999999,22,1,0.1
2093,7.299999999999999,24,1,0.1
2094,7.8999999999999995,22,1,0.1
2095,8.1,20,1,0.1
2096,7.6,21,1,0.1
2097,7.199999999999999,25,1,0.1
2098,7.8999999999999995,22,1,0.1
2099,8.1,20,1,0.1
2100,-54.10000000000001,150,1,0.1
2101,7.8999999999999995,22,1,0.1
2102,8.2,19,1,0.1
2103,6.299999999999999,26,1,0.1
2104,8.1,20,1,0.1
2105,8.1,20,1,0.1
2106,7.799999999999999,23,1,0.1
2107,6.899999999999999,28,1,0.1
2108,7.299999999999999,28,1,0.1
2109,8.0,21,1,0.1
2110,8.1,20,1,0.1
2111,8.2,19,1,0.1
2112,7.299999999999999,24,1,0.1
2113,7.199999999999999,21,1,0.1
2114,5.999999999999998,25,1,0.1
2115,-1.9999999999999982,45,1,0.1
2116,6.5,24,1,0.1
2117,8.2,19,1,0.1
2118,3.8000000000000007,31,1,0.1
2119,7.499999999999999,22,1,0.1
2120,7.399999999999999,23,1,0.1
2121,-10.800000000000008,61,1,0.1
2122,7.699999999999999,20,1,0.1
2123,6.699999999999999,22,1,0.1
2124,6.499999999999999,24,1,0.1
2125,7.699999999999999,20,1,0.1
2126,8.0,21,1,0.1
2127,-2.8000000000000007,41,1,0.1
2128,8.2,19,1,0.1
2129,8.2,19,1,0.1
2130,8.2,19,1,0.1
2131,6.1,24,1,0.1
2132,7.199999999999999,21,1,0.1
2133,8.1,20,1,0.1
2134,8.2,19,1,0.1
2135,7.699999999999999,20,1,0.1
2136,7.699999999999999,20,1,0.1
2137,8.2,19,1,0.1
2138,7.0,23,1,0.1
2139,8.2,19,1,0.1
2140,8.2,19,1,0.1
2141,7.299999999999999,24,1,0.1
2142,7.5,22,1,0.1
2143,6.999999999999998,23,1,0.1
2144,7.699999999999999,20,1,0.1
2145,6.899999999999999,24,1,0.1
2146,-51.30000000000002,142,1,0.1
2147,8.1,20,1,0.1
2148,7.0,23,1,0.1
2149,-5.5,48,1,0.1
2150,8.2,19,1,0.1
2151,1.5,34,1,0.1
2152,7.699999999999999,20,1,0.1
2153,-5.899999999999999,56,1,0.1
2154,7.499999999999999,22,1,0.1
2155,7.699999999999999,20,1,0.1
2156,7.699999999999999,20,1,0.1
2157,7.6,21,1,0.1
2158,7.699999999999999,20,1,0.1
2159,-27.20000000000001,93,1,0.1
2160,8.0,21,1,0.1
2161,7.699999999999999,20,1,0.1
2162,5.500000000000001,26,1,0.1
2163,6.899999999999999,24,1,0.1
2164,7.199999999999999,21,1,0.1
2165,8.0,21,1,0.1
2166,-6.399999999999999,53,1,0.1
2167,-15.100000000000009,68,1,0.1
2168,3.2000000000000046,29,1,0.1
2169,8.2,19,1,0.1
2170,7.599999999999999,21,1,0.1
2171,-3.599999999999996,45,1,0.1
2172,-1.6999999999999957,42,1,0.1
2173,-3.099999999999996,44,1,0.1
2174,7.699999999999999,20,1,0.1
2175,4.600000000000001,31,1,0.1
2176,2.5000000000000036,32,1,0.1
2177,7.399999999999999,23,1,0.1
2178,5.999999999999999,25,1,0.1
2179,8.1,20,1,0.1
2180,8.0,21,1,0.1
2181,7.699999999999999,20,1,0.1
2182,7.199999999999999,25,1,0.1
2183,7.8999999999999995,22,1,0.1
2184,7.8999999999999995,22,1,0.1
2185,8.1,20,1,0.1
2186,6.499999999999998,24,1,0.1
2187,7.399999999999999,23,1,0.1
2188,5.100000000000003,26,1,0.1
2189,7.6,21,1,0.1
2190,7.6,21,1,0.1
2191,8.1,20,1,0.1
2192,7.699999999999999,24,1,0.1
2193,8.0,21,1,0.1
2194,6.899999999999999,24,1,0.1
2195,3.9000000000000057,30,1,0.1
2196,7.499999999999999,22,1,0.1
2197,6.099999999999999,24,1,0.1
2198,8.1,20,1,0.1
2199,-226.79999999999984,500,0,0.1
2200,7.3999999999999995,23,1,0.1
2201,6.8999999999999995,24,1,0.1
2202,5.999999999999999,25,1,0.1
2203,7.6,21,1,0.1
2204,8.0,21,1,0.1
2205,7.499999999999999,22,1,0.1
2206,8.1,20,1,0.1
2207,6.899999999999999,24,1,0.1
2208,8.1,20,1,0.1
2209,7.8999999999999995,22,1,0.1
2210,-12.000000000000014,65,1,0.1
2211,-16.000000000000014,73,1,0.1
2212,7.1,22,1,0.1
2213,-10.100000000000012,58,1,0.1
2214,7.6,21,1,0.1
2215,7.6,21,1,0.1
2216,8.1,20,1,0.1
2217,7.1,22,1,0.1
2218,2.8000000000000043,33,1,0.1
2219,7.6,21,1,0.1
2220,-7.300000000000015,54,1,0.1
2221,1.7000000000000064,36,1,0.1
2222,-108.89999999999972,310,1,0.1
2223,7.6,21,1,0.1
2224,8.1,20,1,0.1
2225,8.1,20,1,0.1
2226,7.1,22,1,0.1
2227,8.1,20,1,0.1
2228,7.1,22,1,0.1
2229,6.999999999999999,23,1,0.1
2230,-25.700000000000017,90,1,0.1
2231,8.1,20,1,0.1
2232,8.0,21,1,0.1
2233,8.1,20,1,0.1
2234,7.6,21,1,0.1
2235,2.8000000000000025,37,1,0.1
2236,7.399999999999999,23,1,0.1
2237,2.600000000000003,35,1,0.1
2238,8.0,21,1,0.1
2239,-0.9999999999999964,39,1,0.1
2240,-14.60000000000002,67,1,0.1
2241,7.6,21,1,0.1
2242,7.8999999999999995,22,1,0.1
2243,7.3999999999999995,23,1,0.1
2244,7.6,21,1,0.1
2245,6.8999999999999995,24,1,0.1
2246,7.799999999999999,23,1,0.1
2247,7.1,22,1,0.1
2248,7.8999999999999995,22,1,0.1
2249,8.1,20,1,0.1
2250,7.6,21,1,0.1
2251,6.199999999999999,27,1,0.1
2252,7.699999999999999,20,1,0.1
2253,4.100000000000003,32,1,0.1
2254,7.3999999999999995,23,1,0.1
2255,-14.200000000000024,71,1,0.1
2256,7.699999999999999,24,1,0.1
2257,7.5,22,1,0.1
2258,7.3999999999999995,23,1,0.1
2259,8.1,20,1,0.1
2260,7.6,21,1,0.1
2261,7.6,21,1,0.1
2262,7.799999999999999,23,1,0.1
2263,7.8999999999999995,22,1,0.1
2264,8.1,20,1,0.1
2265,6.999999999999999,23,1,0.1
2266,-8.300000000000018,56,1,0.1
2267,7.8999999999999995,22,1,0.1
2268,8.0,21,1,0.1
2269,7.8999999999999995,22,1,0.1
2270,-6.900000000000009,54,1,0.1
2271,8.0,21,1,0.1
2272,7.699999999999999,24,1,0.1
2273,7.6,21,1,0.1
2274,-44.20000000000002,127,1,0.1
2275,8.1,20,1,0.1
2276,8.1,20,1,0.1
2277,8.1,20,1,0.1
2278,8.1,20,1,0.1
2279,7.8999999999999995,22,1,0.1
2280,8.1,20,1,0.1
2281,7.5,22,1,0.1
2282,7.6,21,1,0.1
2283,6.899999999999999,24,1,0.1
2284,7.8999999999999995,22,1,0.1
2285,6.8999999999999995,24,1,0.1
2286,8.1,20,1,0.1
2287,6.6,23,1,0.1
2288,6.5,24,1,0.1
2289,7.699999999999999,24,1,0.1
2290,7.3999999999999995,23,1,0.1
2291,7.099999999999999,22,1,0.1
2292,5.8,31,1,0.1
2293,-4.399999999999993,49,1,0.1
2294,6.999999999999999,23,1,0.1
2295,6.999999999999999,27,1,0.1
2296,7.8999999999999995,22,1,0.1
2297,6.899999999999999,24,1,0.1
2298,8.1,20,1,0.1
2299,8.1,20,1,0.1
2300,7.699999999999999,24,1,0.1
2301,6.6,27,1,0.1
2302,8.0,21,1,0.1
2303,8.1,20,1,0.1
2304,7.1,22,1,0.1
2305,7.6,21,1,0.1
2306,8.1,20,1,0.1
2307,7.6,25,1,0.1
2308,7.199999999999999,25,1,0.1
2309,7.499999999999998,22,1,0.1
2310,6.399999999999999,29,1,0.1
2311,7.699999999999999,20,1,0.1
2312,7.6,21,1,0.1
2313,8.0,21,1,0.1
2314,8.0,21,1,0.1
2315,7.699999999999999,20,1,0.1
2316,8.2,19,1,0.1
2317,7.1,22,1,0.1
2318,7.6,21,1,0.1
2319,7.8999999999999995,22,1,0.1
2320,8.2,19,1,0.1
2321,7.6,21,1,0.1
2322,-35.50000000000003,120,1,0.1
2323,6.499999999999998,24,1,0.1
2324,6.899999999999999,24,1,0.1
2325,7.199999999999999,21,1,0.1
2326,7.699999999999999,20,1,0.1
2327,6.599999999999999,31,1,0.1
2328,7.499999999999999,22,1,0.1
2329,7.199999999999999,21,1,0.1
2330,7.6,21,1,0.1
2331,8.1,20,1,0.1
2332,2.6000000000000068,35,1,0.1
2333,7.299999999999999,24,1,0.1
2334,8.0,21,1,0.1
2335,7.099999999999999,22,1,0.1
2336,7.099999999999999,30,1,0.1
2337,7.5,22,1,0.1
2338,7.3999999999999995,23,1,0.1
2339,7.499999999999999,22,1,0.1
2340,7.8999999999999995,22,1,0.1
2341,7.699999999999999,24,1,0.1
2342,7.699999999999999,24,1,0.1
2343,7.799999999999999,23,1,0.1
2344,6.899999999999999,24,1,0.1
2345,8.0,21,1,0.1
2346,7.6,25,1,0.1
2347,6.899999999999999,24,1,0.1
2348,-7.600000000000016,53,1,0.1
2349,6.599999999999999,23,1,0.1
2350,8.2,19,1,0.1
2351,7.199999999999998,25,1,0.1
2352,7.6,21,1,0.1
2353,8.2,19,1,0.1
2354,-15.000000000000032,75,1,0.1
2355,7.6,21,1,0.1
2356,7.6,21,1,0.1
2357,8.1,20,1,0.1
2358,7.8999999999999995,22,1,0.1
2359,8.0,21,1,0.1
2360,7.099999999999999,26,1,0.1
2361,7.8999999999999995,22,1,0.1
2362,7.699999999999999,20,1,0.1
2363,8.0,21,1,0.1
2364,8.1,20,1,0.1
2365,6.799999999999999,25,1,0.1
2366,7.6,25,1,0.1
2367,8.0,21,1,0.1
2368,7.699999999999999,20,1,0.1
2369,6.299999999999999,26,1,0.1
2370,7.0,23,1,0.1
2371,8.2,19,1,0.1
2372,8.0,21,1,0.1
2373,3.5000000000000036,34,1,0.1
2374,7.299999999999999,24,1,0.1
2375,8.1,20,1,0.1
2376,8.0,21,1,0.1
2377,8.2,19,1,0.1
2378,8.1,20,1,0.1
2379,6.699999999999998,34,1,0.1
2380,7.699999999999999,20,1,0.1
2381,8.2,19,1,0.1
2382,7.699999999999999,20,1,0.1
2383,7.499999999999999,22,1,0.1
2384,5.8999999999999995,26,1,0.1
2385,7.6,21,1,0.1
2386,8.0,21,1,0.1
2387,6.799999999999999,25,1,0.1
2388,7.699999999999999,20,1,0.1
2389,7.699999999999999,20,1,0.1
2390,8.1,20,1,0.1
2391,7.5,22,1,0.1
2392,8.2,19,1,0.1
2393,7.699999999999999,24,1,0.1
2394,8.1,20,1,0.1
2395,7.699999999999999,24,1,0.1
2396,7.499999999999999,22,1,0.1
2397,7.699999999999999,20,1,0.1
2398,7.1,22,1,0.1
2399,7.8999999999999995,22,1,0.1
2400,8.0,21,1,0.1
2401,8.2,19,1,0.1
2402,8.2,19,1,0.1
2403,7.199999999999999,21,1,0.1
2404,7.699999999999999,20,1,0.1
2405,8.1,20,1,0.1
2406,7.199999999999999,21,1,0.1
2407,6.499999999999998,28,1,0.1
2408,5.8999999999999995,30,1,0.1
2409,6.5,24,1,0.1
2410,7.1,22,1,0.1
2411,7.699999999999999,20,1,0.1
2412,7.699999999999999,20,1,0.1
2413,8.2,19,1,0.1
2414,6.899999999999999,24,1,0.1
2415,7.799999999999999,23,1,0.1
2416,7.699999999999999,20,1,0.1
2417,8.2,19,1,0.1
2418,7.199999999999999,21,1,0.1
2419,6.499999999999999,24,1,0.1
2420,8.2,19,1,0.1
2421,7.699999999999999,20,1,0.1
2422,7.699999999999999,20,1,0.1
2423,7.799999999999999,23,1,0.1
2424,8.2,19,1,0.1
2425,7.399999999999999,23,1,0.1
2426,7.699999999999999,20,1,0.1
2427,7.199999999999999,21,1,0.1
2428,7.199999999999999,21,1,0.1
2429,7.6,21,1,0.1
2430,7.199999999999999,21,1,0.1
2431,6.999999999999999,23,1,0.1
2432,8.1,20,1,0.1
2433,8.0,21,1,0.1
2434,8.1,20,1,0.1
2435,8.0,21,1,0.1
2436,7.8999999999999995,22,1,0.1
2437,7.699999999999999,20,1,0.1
2438,7.299999999999999,24,1,0.1
2439,7.3999999999999995,23,1,0.1
2440,5.7,24,1,0.1
2441,4.5000000000000036,28,1,0.1
2442,7.3999999999999995,23,1,0.1
2443,7.699999999999999,20,1,0.1
2444,8.0,21,1,0.1
2445,6.499999999999999,24,1,0.1
2446,8.2,19,1,0.1
2447,7.699999999999999,20,1,0.1
2448,7.799999999999999,23,1,0.1
2449,7.299999999999999,24,1,0.1
2450,8.2,19,1,0.1
2451,8.0,21,1,0.1
2452,8.2,19,1,0.1
2453,8.0,21,1,0.1
2454,7.699999999999999,20,1,0.1
2455,7.6,21,1,0.1
2456,7.699999999999999,20,1,0.1
2457,7.699999999999999,20,1,0.1
2458,7.3999999999999995,23,1,0.1
2459,7.099999999999999,22,1,0.1
2460,7.8999999999999995,22,1,0.1
2461,8.2,19,1,0.1
2462,7.199999999999999,21,1,0.1
2463,8.1,20,1,0.1
2464,7.699999999999999,20,1,0.1
2465,7.5,22,1,0.1
2466,8.1,20,1,0.1
2467,6.199999999999999,27,1,0.1
2468,7.399999999999999,27,1,0.1
2469,7.699999999999999,20,1,0.1
2470,6.799999999999999,25,1,0.1
2471,8.2,19,1,0.1
2472,7.299999999999999,24,1,0.1
2473,6.999999999999998,23,1,0.1
2474,5.999999999999999,29,1,0.1
2475,6.599999999999998,27,1,0.1
2476,3.5000000000000044,34,1,0.1
2477,8.2,19,1,0.1
2478,7.699999999999999,24,1,0.1
2479,6.799999999999999,25,1,0.1
2480,7.499999999999999,22,1,0.1
2481,7.799999999999999,23,1,0.1
2482,8.1,20,1,0.1
2483,8.2,19,1,0.1
2484,7.699999999999999,20,1,0.1
2485,8.2,19,1,0.1
2486,8.0,21,1,0.1
2487,8.0,21,1,0.1
2488,8.0,21,1,0.1
2489,7.699999999999999,20,1,0.1
2490,8.2,19,1,0.1
2491,6.699999999999999,22,1,0.1
2492,8.2,19,1,0.1
2493,7.3999999999999995,23,1,0.1
2494,7.799999999999999,23,1,0.1
2495,8.2,19,1,0.1
2496,7.499999999999999,22,1,0.1
2497,7.699999999999999,20,1,0.1
2498,8.2,19,1,0.1
2499,7.699999999999999,20,1,0.1
2500,7.199999999999999,25,1,0.1
2501,8.2,19,1,0.1
2502,2.3000000000000025,34,1,0.1
2503,8.2,19,1,0.1
2504,7.499999999999999,22,1,0.1
2505,8.0,21,1,0.1
2506,8.2,19,1,0.1
2507,8.1,20,1,0.1
2508,7.6,21,1,0.1
2509,7.8999999999999995,22,1,0.1
2510,8.0,21,1,0.1
2511,7.8999999999999995,22,1,0.1
2512,7.499999999999999,22,1,0.1
2513,7.499999999999999,22,1,0.1
2514,6.6,23,1,0.1
2515,7.699999999999999,20,1,0.1
2516,7.699999999999999,20,1,0.1
2517,7.6,25,1,0.1
2518,8.0,21,1,0.1
2519,7.699999999999999,20,1,0.1
2520,7.5,22,1,0.1
2521,7.8999999999999995,22,1,0.1
2522,7.199999999999999,21,1,0.1
2523,8.2,19,1,0.1
2524,7.699999999999999,20,1,0.1
2525,7.1,26,1,0.1
2526,8.0,21,1,0.1
2527,8.0,21,1,0.1
2528,7.5,22,1,0.1
2529,8.2,19,1,0.1
2530,7.8999999999999995,22,1,0.1
2531,8.2,19,1,0.1
2532,7.299999999999999,24,1,0.1
2533,7.8999999999999995,22,1,0.1
2534,7.8999999999999995,22,1,0.1
2535,8.1,20,1,0.1
2536,7.799999999999999,23,1,0.1
2537,7.399999999999999,23,1,0.1
2538,7.499999999999999,22,1,0.1
2539,7.6,21,1,0.1
2540,7.5,22,1,0.1
2541,7.5,22,1,0.1
2542,7.8999999999999995,22,1,0.1
2543,7.5,22,1,0.1
2544,6.799999999999999,25,1,0.1
2545,8.1,20,1,0.1
2546,7.699999999999999,20,1,0.1
2547,7.499999999999999,22,1,0.1
2548,6.699999999999999,22,1,0.1
2549,6.999999999999999,23,1,0.1
2550,7.699999999999999,20,1,0.1
2551,7.699999999999999,20,1,0.1
2552,6.999999999999998,27,1,0.1
2553,7.699999999999999,20,1,0.1
2554,7.699999999999999,20,1,0.1
2555,6.799999999999999,25,1,0.1
2556,7.699999999999999,24,1,0.1
2557,6.499999999999999,24,1,0.1
2558,6.799999999999999,25,1,0.1
2559,7.499999999999999,22,1,0.1
2560,7.699999999999999,20,1,0.1
2561,7.299999999999999,24,1,0.1
2562,8.0,21,1,0.1
2563,6.799999999999999,25,1,0.1
2564,7.699999999999999,20,1,0.1
2565,5.9,26,1,0.1
2566,8.0,21,1,0.1
2567,8.2,19,1,0.1
2568,7.5,22,1,0.1
2569,8.2,19,1,0.1
2570,8.2,19,1,0.1
2571,7.699999999999999,20,1,0.1
2572,7.1,22,1,0.1
2573,7.699999999999999,20,1,0.1
2574,7.5,22,1,0.1
2575,7.799999999999999,23,1,0.1
2576,8.0,21,1,0.1
2577,8.0,21,1,0.1
2578,7.399999999999999,23,1,0.1
2579,8.2,19,1,0.1
2580,6.399999999999999,29,1,0.1
2581,8.2,19,1,0.1
2582,7.8999999999999995,22,1,0.1
2583,7.3999999999999995,23,1,0.1
2584,7.399999999999999,27,1,0.1
2585,7.699999999999999,20,1,0.1
2586,8.0,21,1,0.1
2587,7.299999999999999,24,1,0.1
2588,8.0,21,1,0.1
2589,8.1,20,1,0.1
2590,7.699999999999999,20,1,0.1
2591,8.2,19,1,0.1
2592,7.199999999999999,25,1,0.1
2593,7.199999999999999,21,1,0.1
2594,7.699999999999999,20,1,0.1
2595,7.299999999999999,24,1,0.1
2596,8.2,19,1,0.1
2597,6.399999999999999,25,1,0.1
2598,8.1,20,1,0.1
2599,6.399999999999999,29,1,0.1
2600,7.6,21,1,0.1
2601,7.5,22,1,0.1
2602,6.699999999999999,22,1,0.1
2603,8.0,21,1,0.1
2604,8.2,19,1,0.1
2605,6.299999999999999,30,1,0.1
2606,7.699999999999999,24,1,0.1
2607,7.099999999999999,22,1,0.1
2608,8.0,21,1,0.1
2609,8.2,19,1,0.1
2610,7.0,23,1,0.1
2611,8.2,19,1,0.1
2612,8.2,19,1,0.1
2613,5.000000000000001,35,1,0.1
2614,8.2,19,1,0.1
2615,8.1,20,1,0.1
2616,7.299999999999999,24,1,0.1
2617,7.699999999999999,20,1,0.1
2618,8.2,19,1,0.1
2619,7.599999999999999,21,1,0.1
2620,7.0,23,1,0.1
2621,8.1,20,1,0.1
2622,7.299999999999999,24,1,0.1
2623,7.699999999999999,20,1,0.1
2624,7.699999999999999,20,1,0.1
2625,8.0,21,1,0.1
2626,6.799999999999999,25,1,0.1
2627,7.699999999999999,20,1,0.1
2628,7.299999999999999,24,1,0.1
2629,8.2,19,1,0.1
2630,8.1,20,1,0.1
2631,7.799999999999999,23,1,0.1
2632,7.8999999999999995,22,1,0.1
2633,8.2,19,1,0.1
2634,7.799999999999999,23,1,0.1
2635,7.199999999999999,21,1,0.1
2636,8.2,19,1,0.1
2637,8.2,19,1,0.1
2638,6.199999999999998,23,1,0.1
2639,7.8999999999999995,22,1,0.1
2640,6.999999999999999,23,1,0.1
2641,6.299999999999999,26,1,0.1
2642,7.199999999999999,21,1,0.1
2643,8.2,19,1,0.1
2644,7.499999999999999,22,1,0.1
2645,8.2,19,1,0.1
2646,7.399999999999999,23,1,0.1
2647,8.2,19,1,0.1
2648,6.899999999999999,24,1,0.1
2649,7.699999999999999,20,1,0.1
2650,8.0,21,1,0.1
2651,7.299999999999999,24,1,0.1
2652,7.799999999999999,23,1,0.1
2653,7.699999999999999,20,1,0.1
2654,8.1,20,1,0.1
2655,6.699999999999999,22,1,0.1
2656,8.1,20,1,0.1
2657,7.199999999999999,21,1,0.1
2658,8.2,19,1,0.1
2659,7.5,22,1,0.1
2660,8.0,21,1,0.1
2661,8.1,20,1,0.1
2662,8.2,19,1,0.1
2663,8.1,20,1,0.1
2664,8.2,19,1,0.1
2665,7.699999999999999,20,1,0.1
2666,7.399999999999999,23,1,0.1
2667,7.199999999999998,25,1,0.1
2668,7.699999999999999,20,1,0.1
2669,6.499999999999999,24,1,0.1
2670,7.6,21,1,0.1
2671,7.8999999999999995,22,1,0.1
2672,8.1,20,1,0.1
2673,-55.70000000000002,158,1,0.1
2674,8.1,20,1,0.1
2675,7.8999999999999995,22,1,0.1
2676,8.0,21,1,0.1
2677,7.699999999999999,20,1,0.1
2678,8.2,19,1,0.1
2679,8.2,19,1,0.1
2680,8.0,21,1,0.1
2681,7.199999999999998,25,1,0.1
2682,8.2,19,1,0.1
2683,7.199999999999998,21,1,0.1
2684,8.0,21,1,0.1
2685,7.6,21,1,0.1
2686,7.299999999999999,24,1,0.1
2687,8.0,21,1,0.1
2688,6.799999999999999,25,1,0.1
2689,8.0,21,1,0.1
2690,6.999999999999998,27,1,0.1
2691,7.699999999999999,20,1,0.1
2692,7.099999999999999,22,1,0.1
2693,8.2,19,1,0.1
2694,7.699999999999999,20,1,0.1
2695,6.099999999999999,28,1,0.1
2696,7.6,21,1,0.1
2697,7.199999999999999,21,1,0.1
2698,8.0,21,1,0.1
2699,7.6,25,1,0.1
2700,6.8999999999999995,24,1,0.1
2701,7.799999999999999,23,1,0.1
2702,7.699999999999999,20,1,0.1
2703,8.2,19,1,0.1
2704,7.0,23,1,0.1
2705,7.5,22,1,0.1
2706,6.999999999999999,23,1,0.1
2707,7.199999999999999,21,1,0.1
2708,7.799999999999999,23,1,0.1
2709,7.8999999999999995,22,1,0.1
2710,8.2,19,1,0.1
2711,8.2,19,1,0.1
2712,7.799999999999999,23,1,0.1
2713,6.299999999999999,26,1,0.1
2714,7.499999999999999,26,1,0.1
2715,7.799999999999999,23,1,0.1
2716,7.8999999999999995,22,1,0.1
2717,6.899999999999999,28,1,0.1
2718,7.699999999999999,20,1,0.1
2719,8.2,19,1,0.1
2720,8.2,19,1,0.1
2721,8.2,19,1,0.1
2722,7.499999999999998,22,1,0.1
2723,8.1,20,1,0.1
2724,3.5000000000000053,58,1,0.1
2725,7.6,21,1,0.1
2726,7.699999999999999,20,1,0.1
2727,8.2,19,1,0.1
2728,7.6,25,1,0.1
2729,8.2,19,1,0.1
2730,8.0,21,1,0.1
2731,8.0,21,1,0.1
2732,8.2,19,1,0.1
2733,8.2,19,1,0.1
2734,7.699999999999999,20,1,0.1
2735,7.499999999999999,22,1,0.1
2736,8.0,21,1,0.1
2737,7.699999999999999,20,1,0.1
2738,7.6,21,1,0.1
2739,7.199999999999999,21,1,0.1
2740,7.699999999999999,20,1,0.1
2741,8.2,19,1,0.1
2742,8.2,19,1,0.1
2743,5.899999999999999,26,1,0.1
2744,7.8999999999999995,22,1,0.1
2745,7.6,25,1,0.1
2746,7.699999999999999,20,1,0.1
2747,8.2,19,1,0.1
2748,7.699999999999999,24,1,0.1
2749,8.2,19,1,0.1
2750,7.499999999999999,22,1,0.1
2751,8.0,21,1,0.1
2752,7.699999999999999,20,1,0.1
2753,7.699999999999999,20,1,0.1
2754,7.799999999999999,23,1,0.1
2755,8.1,20,1,0.1
2756,6.699999999999999,30,1,0.1
2757,6.399999999999999,33,1,0.1
2758,7.699999999999999,20,1,0.1
2759,6.999999999999999,27,1,0.1
2760,7.6,25,1,0.1
2761,7.199999999999999,25,1,0.1
2762,6.999999999999998,23,1,0.1
2763,8.2,19,1,0.1
2764,7.699999999999999,20,1,0.1
2765,7.299999999999999,24,1,0.1
2766,7.699999999999999,20,1,0.1
2767,7.199999999999999,25,1,0.1
2768,8.0,21,1,0.1
2769,7.699999999999999,20,1,0.1
2770,8.2,19,1,0.1
2771,7.199999999999999,25,1,0.1
2772,8.0,21,1,0.1
2773,7.5,22,1,0.1
2774,7.499999999999999,22,1,0.1
2775,6.799999999999999,25,1,0.1
2776,5.999999999999999,25,1,0.1
2777,8.2,19,1,0.1
2778,7.5,22,1,0.1
2779,6.799999999999999,29,1,0.1
2780,8.0,21,1,0.1
2781,7.699999999999999,20,1,0.1
2782,7.199999999999998,21,1,0.1
2783,8.0,21,1,0.1
2784,8.2,19,1,0.1
2785,6.999999999999999,27,1,0.1
2786,8.1,20,1,0.1
2787,8.1,20,1,0.1
2788,7.8999999999999995,22,1,0.1
2789,7.199999999999999,21,1,0.1
2790,8.2,19,1,0.1
2791,7.5,22,1,0.1
2792,6.1999999999999975,27,1,0.1
2793,6.699999999999998,26,1,0.1
2794,7.499999999999999,26,1,0.1
2795,8.0,21,1,0.1
2796,7.6,25,1,0.1
2797,8.2,19,1,0.1
2798,7.699999999999999,20,1,0.1
2799,8.2,19,1,0.1
2800,8.2,19,1,0.1
2801,8.2,19,1,0.1
2802,8.2,19,1,0.1
2803,6.499999999999998,24,1,0.1
2804,8.2,19,1,0.1
2805,8.1,20,1,0.1
2806,7.3999999999999995,23,1,0.1
2807,7.199999999999999,21,1,0.1
2808,7.699999999999999,20,1,0.1
2809,7.799999999999999,23,1,0.1
2810,8.0,21,1,0.1
2811,8.0,21,1,0.1
2812,7.3999999999999995,23,1,0.1
2813,6.899999999999999,24,1,0.1
2814,8.2,19,1,0.1
2815,7.8999999999999995,22,1,0.1
2816,8.2,19,1,0.1
2817,7.699999999999999,20,1,0.1
2818,7.699999999999999,20,1,0.1
2819,7.8999999999999995,22,1,0.1
2820,7.399999999999999,23,1,0.1
2821,6.699999999999999,22,1,0.1
2822,7.299999999999999,24,1,0.1
2823,8.2,19,1,0.1
2824,7.5,22,1,0.1
2825,7.699999999999999,20,1,0.1
2826,7.8999999999999995,22,1,0.1
2827,7.699999999999999,20,1,0.1
2828,7.699999999999999,20,1,0.1
2829,8.2,19,1,0.1
2830,7.499999999999999,26,1,0.1
2831,7.8999999999999995,22,1,0.1
2832,6.999999999999998,27,1,0.1
2833,7.699999999999999,20,1,0.1
2834,8.0,21,1,0.1
2835,6.1999999999999975,31,1,0.1
2836,8.1,20,1,0.1
2837,7.499999999999998,22,1,0.1
2838,7.099999999999999,22,1,0.1
2839,8.2,19,1,0.1
2840,8.0,21,1,0.1
2841,6.699999999999999,22,1,0.1
2842,6.099999999999998,28,1,0.1
2843,7.599999999999999,21,1,0.1
2844,7.699999999999999,20,1,0.1
2845,8.0,21,1,0.1
2846,7.699999999999999,20,1,0.1
2847,7.799999999999999,23,1,0.1
2848,7.299999999999999,24,1,0.1
2849,7.499999999999999,22,1,0.1
2850,7.799999999999999,23,1,0.1
2851,7.5,22,1,0.1
2852,8.1,20,1,0.1
2853,7.499999999999999,22,1,0.1
2854,8.2,19,1,0.1
2855,7.299999999999999,24,1,0.1
2856,7.699999999999999,20,1,0.1
2857,7.699999999999999,20,1,0.1
2858,6.799999999999999,29,1,0.1
2859,8.1,20,1,0.1
2860,7.699999999999999,20,1,0.1
2861,7.399999999999999,27,1,0.1
2862,7.699999999999999,20,1,0.1
2863,7.699999999999999,20,1,0.1
2864,7.299999999999999,24,1,0.1
2865,6.999999999999999,23,1,0.1
2866,7.499999999999999,26,1,0.1
2867,7.3999999999999995,23,1,0.1
2868,7.199999999999999,21,1,0.1
2869,5.999999999999998,29,1,0.1
2870,6.899999999999999,24,1,0.1
2871,7.8999999999999995,22,1,0.1
2872,7.699999999999999,20,1,0.1
2873,6.799999999999999,25,1,0.1
2874,7.499999999999999,26,1,0.1
2875,7.8999999999999995,22,1,0.1
2876,8.0,21,1,0.1
2877,7.199999999999999,21,1,0.1
2878,6.699999999999998,22,1,0.1
2879,7.699999999999999,20,1,0.1
2880,6.699999999999999,22,1,0.1
2881,7.5,22,1,0.1
2882,8.2,19,1,0.1
2883,8.2,19,1,0.1
2884,8.2,19,1,0.1
2885,7.799999999999999,23,1,0.1
2886,7.199999999999999,21,1,0.1
2887,7.699999999999999,20,1,0.1
2888,8.2,19,1,0.1
2889,7.199999999999999,21,1,0.1
2890,7.6,25,1,0.1
2891,7.199999999999999,25,1,0.1
2892,8.2,19,1,0.1
2893,7.699999999999999,20,1,0.1
2894,7.799999999999999,23,1,0.1
2895,7.699999999999999,20,1,0.1
2896,7.699999999999999,20,1,0.1
2897,7.6,25,1,0.1
2898,8.2,19,1,0.1
2899,8.0,21,1,0.1
2900,8.2,19,1,0.1
2901,7.399999999999999,23,1,0.1
2902,8.0,21,1,0.1
2903,7.399999999999999,23,1,0.1
2904,8.2,19,1,0.1
2905,8.1,20,1,0.1
2906,7.199999999999999,21,1,0.1
2907,7.6,21,1,0.1
2908,8.2,19,1,0.1
2909,7.699999999999999,20,1,0.1
2910,8.2,19,1,0.1
2911,8.2,19,1,0.1
2912,7.499999999999999,22,1,0.1
2913,7.699999999999999,20,1,0.1
2914,7.3999999999999995,23,1,0.1
2915,8.2,19,1,0.1
2916,8.2,19,1,0.1
2917,7.699999999999999,20,1,0.1
2918,8.0,21,1,0.1
2919,7.6,21,1,0.1
2920,7.6,21,1,0.1
2921,8.2,19,1,0.1
2922,8.2,19,1,0.1
2923,8.0,21,1,0.1
2924,7.399999999999999,23,1,0.1
2925,8.2,19,1,0.1
2926,7.199999999999999,21,1,0.1
2927,7.199999999999999,21,1,0.1
2928,7.5,22,1,0.1
2929,6.599999999999999,27,1,0.1
2930,8.2,19,1,0.1
2931,7.699999999999999,24,1,0.1
2932,8.1,20,1,0.1
2933,6.699999999999999,22,1,0.1
2934,7.699999999999999,20,1,0.1
2935,6.699999999999999,22,1,0.1
2936,8.0,21,1,0.1
2937,6.5,24,1,0.1
2938,7.199999999999999,21,1,0.1
2939,7.699999999999999,20,1,0.1
2940,7.1,22,1,0.1
2941,7.199999999999999,25,1,0.1
2942,7.199999999999999,21,1,0.1
2943,8.2,19,1,0.1
2944,7.5,22,1,0.1
2945,6.999999999999999,23,1,0.1
2946,8.0,21,1,0.1
2947,8.1,20,1,0.1
2948,6.999999999999999,23,1,0.1
2949,7.799999999999999,23,1,0.1
2950,8.1,20,1,0.1
2951,8.0,21,1,0.1
2952,8.0,21,1,0.1
2953,8.1,20,1,0.1
2954,8.1,20,1,0.1
2955,8.2,19,1,0.1
2956,7.499999999999999,22,1,0.1
2957,8.0,21,1,0.1
2958,7.699999999999999,20,1,0.1
2959,8.2,19,1,0.1
2960,7.6,21,1,0.1
2961,7.6,21,1,0.1
2962,7.799999999999999,23,1,0.1
2963,7.8999999999999995,22,1,0.1
2964,8.2,19,1,0.1
2965,6.999999999999998,23,1,0.1
2966,8.2,19,1,0.1
2967,6.999999999999999,23,1,0.1
2968,7.0,23,1,0.1
2969,8.2,19,1,0.1
2970,7.299999999999999,28,1,0.1
2971,8.2,19,1,0.1
2972,6.699999999999999,26,1,0.1
2973,7.1,26,1,0.1
2974,8.1,20,1,0.1
2975,7.299999999999999,24,1,0.1
2976,7.699999999999999,20,1,0.1
2977,7.699999999999999,24,1,0.1
2978,8.1,20,1,0.1
2979,6.899999999999999,24,1,0.1
2980,7.699999999999999,20,1,0.1
2981,6.999999999999999,23,1,0.1
2982,7.599999999999999,21,1,0.1
2983,7.1,26,1,0.1
2984,7.8999999999999995,22,1,0.1
2985,7.199999999999999,21,1,0.1
2986,7.699999999999999,24,1,0.1
2987,7.299999999999999,24,1,0.1
2988,6.599999999999999,27,1,0.1
2989,8.0,21,1,0.1
2990,8.2,19,1,0.1
2991,7.299999999999999,24,1,0.1
2992,7.8999999999999995,22,1,0.1
2993,8.2,19,1,0.1
2994,8.2,19,1,0.1
2995,6.299999999999999,30,1,0.1
2996,7.5,22,1,0.1
2997,8.2,19,1,0.1
2998,7.499999999999998,22,1,0.1
2999,8.2,19,1,0.1
3000,8.2,19,1,0.1
